store_name,product_name,category_name,quantity,Stock_Status
Santa Cruz Bikes,Trek 820 - 2016,Mountain Bikes,27,Well Stocked
Santa Cruz Bikes,Ritchey Timberwolf Frameset - 2016,Mountain Bikes,5,Moderate
Santa Cruz Bikes,Surly Wednesday Frameset - 2016,Mountain Bikes,6,Moderate
Santa Cruz Bikes,Trek Fuel EX 8 29 - 2016,Mountain Bikes,23,Well Stocked
Santa Cruz Bikes,Heller Shagamaw Frame - 2016,Mountain Bikes,22,Well Stocked
Santa Cruz Bikes,Surly Ice Cream Truck Frameset - 2016,Mountain Bikes,0,Out of Stock
Santa Cruz Bikes,Trek Slash 8 27.5 - 2016,Mountain Bikes,8,Moderate
Santa Cruz Bikes,Trek Remedy 29 Carbon Frameset - 2016,Mountain Bikes,0,Out of Stock
Santa Cruz Bikes,Trek Conduit+ - 2016,Electric Bikes,11,Moderate
Santa Cruz Bikes,Surly Straggler - 2016,Cyclocross Bicycles,15,Moderate
Santa Cruz Bikes,Surly Straggler 650b - 2016,Cyclocross Bicycles,8,Moderate
Santa Cruz Bikes,Electra Townie Original 21D - 2016,Cruisers Bicycles,16,Moderate
Santa Cruz Bikes,Electra Cruiser 1 (24-Inch) - 2016,Cruisers Bicycles,13,Moderate
Santa Cruz Bikes,Electra Girl's Hawaii 1 (16-inch) - 2015/2016,Cruisers Bicycles,8,Moderate
Santa Cruz Bikes,Electra Moto 1 - 2016,Cruisers Bicycles,3,Low Stock
Santa Cruz Bikes,Electra Townie Original 7D EQ - 2016,Cruisers Bicycles,4,Low Stock
Santa Cruz Bikes,Pure Cycles Vine 8-Speed - 2016,Cruisers Bicycles,2,Low Stock
Santa Cruz Bikes,Pure Cycles Western 3-Speed - Women's - 2015/2016,Cruisers Bicycles,16,Moderate
Santa Cruz Bikes,Pure Cycles William 3-Speed - 2016,Cruisers Bicycles,4,Low Stock
Santa Cruz Bikes,Electra Townie Original 7D EQ - Women's - 2016,Cruisers Bicycles,26,Well Stocked
Santa Cruz Bikes,Electra Cruiser 1 (24-Inch) - 2016,Children Bicycles,24,Well Stocked
Santa Cruz Bikes,Electra Girl's Hawaii 1 (16-inch) - 2015/2016,Children Bicycles,29,Well Stocked
Santa Cruz Bikes,Electra Girl's Hawaii 1 (20-inch) - 2015/2016,Children Bicycles,9,Moderate
Santa Cruz Bikes,Electra Townie Original 21D - 2016,Comfort Bicycles,10,Moderate
Santa Cruz Bikes,Electra Townie Original 7D - 2015/2016,Comfort Bicycles,10,Moderate
Santa Cruz Bikes,Electra Townie Original 7D EQ - 2016,Comfort Bicycles,16,Moderate
Santa Cruz Bikes,Surly Big Dummy Frameset - 2017,Mountain Bikes,21,Well Stocked
Santa Cruz Bikes,Surly Karate Monkey 27.5+ Frameset - 2017,Mountain Bikes,20,Well Stocked
Santa Cruz Bikes,Trek X-Caliber 8 - 2017,Mountain Bikes,13,Moderate
Santa Cruz Bikes,Surly Ice Cream Truck Frameset - 2017,Mountain Bikes,30,Well Stocked
Santa Cruz Bikes,Surly Wednesday - 2017,Mountain Bikes,2,Low Stock
Santa Cruz Bikes,Trek Farley Alloy Frameset - 2017,Mountain Bikes,0,Out of Stock
Santa Cruz Bikes,Surly Wednesday Frameset - 2017,Mountain Bikes,10,Moderate
Santa Cruz Bikes,Trek Session DH 27.5 Carbon Frameset - 2017,Mountain Bikes,2,Low Stock
Santa Cruz Bikes,Sun Bicycles Spider 3i - 2017,Mountain Bikes,18,Moderate
Santa Cruz Bikes,Surly Troll Frameset - 2017,Mountain Bikes,26,Well Stocked
Santa Cruz Bikes,Haro Flightline One ST - 2017,Mountain Bikes,12,Moderate
Santa Cruz Bikes,Haro Flightline Two 26 Plus - 2017,Mountain Bikes,13,Moderate
Santa Cruz Bikes,Trek Stache 5 - 2017,Mountain Bikes,2,Low Stock
Santa Cruz Bikes,Trek Fuel EX 9.8 29 - 2017,Mountain Bikes,24,Well Stocked
Santa Cruz Bikes,Haro Shift R3 - 2017,Mountain Bikes,10,Moderate
Santa Cruz Bikes,Trek Fuel EX 5 27.5 Plus - 2017,Mountain Bikes,0,Out of Stock
Santa Cruz Bikes,Trek Fuel EX 9.8 27.5 Plus - 2017,Mountain Bikes,2,Low Stock
Santa Cruz Bikes,Haro SR 1.1 - 2017,Mountain Bikes,1,Low Stock
Santa Cruz Bikes,Haro SR 1.2 - 2017,Mountain Bikes,15,Moderate
Santa Cruz Bikes,Haro SR 1.3 - 2017,Mountain Bikes,19,Moderate
Santa Cruz Bikes,Trek Remedy 9.8 - 2017,Mountain Bikes,21,Well Stocked
Santa Cruz Bikes,Trek Emonda S 4 - 2017,Road Bikes,5,Moderate
Santa Cruz Bikes,Trek Domane SL 6 - 2017,Road Bikes,8,Moderate
Santa Cruz Bikes,Trek Silque SLR 7 Women's - 2017,Road Bikes,29,Well Stocked
Santa Cruz Bikes,Trek Silque SLR 8 Women's - 2017,Road Bikes,2,Low Stock
Santa Cruz Bikes,Surly Steamroller - 2017,Road Bikes,18,Moderate
Santa Cruz Bikes,Surly Ogre Frameset - 2017,Road Bikes,17,Moderate
Santa Cruz Bikes,Trek Domane SL Disc Frameset - 2017,Road Bikes,11,Moderate
Santa Cruz Bikes,Trek Domane S 6 - 2017,Road Bikes,11,Moderate
Santa Cruz Bikes,Trek Domane SLR 6 Disc - 2017,Road Bikes,15,Moderate
Santa Cruz Bikes,Trek Emonda S 5 - 2017,Road Bikes,1,Low Stock
Santa Cruz Bikes,Trek Madone 9.2 - 2017,Road Bikes,1,Low Stock
Santa Cruz Bikes,Trek Domane S 5 Disc - 2017,Road Bikes,22,Well Stocked
Santa Cruz Bikes,Sun Bicycles ElectroLite - 2017,Electric Bikes,19,Moderate
Santa Cruz Bikes,Trek Powerfly 8 FS Plus - 2017,Electric Bikes,30,Well Stocked
Santa Cruz Bikes,Trek Boone 7 - 2017,Cyclocross Bicycles,21,Well Stocked
Santa Cruz Bikes,Trek Boone Race Shop Limited - 2017,Cyclocross Bicycles,4,Low Stock
Santa Cruz Bikes,Electra Townie Original 7D - 2017,Cruisers Bicycles,30,Well Stocked
Santa Cruz Bikes,Sun Bicycles Lil Bolt Type-R - 2017,Cruisers Bicycles,10,Moderate
Santa Cruz Bikes,Sun Bicycles Revolutions 24 - 2017,Cruisers Bicycles,12,Moderate
Santa Cruz Bikes,Sun Bicycles Revolutions 24 - Girl's - 2017,Cruisers Bicycles,19,Moderate
Santa Cruz Bikes,Sun Bicycles Cruz 3 - 2017,Cruisers Bicycles,30,Well Stocked
Santa Cruz Bikes,Sun Bicycles Cruz 7 - 2017,Cruisers Bicycles,4,Low Stock
Santa Cruz Bikes,Electra Amsterdam Original 3i - 2015/2017,Cruisers Bicycles,3,Low Stock
Santa Cruz Bikes,Sun Bicycles Atlas X-Type - 2017,Cruisers Bicycles,25,Well Stocked
Santa Cruz Bikes,Sun Bicycles Biscayne Tandem 7 - 2017,Cruisers Bicycles,9,Moderate
Santa Cruz Bikes,Sun Bicycles Brickell Tandem 7 - 2017,Cruisers Bicycles,7,Moderate
Santa Cruz Bikes,Electra Cruiser Lux 1 - 2017,Cruisers Bicycles,9,Moderate
Santa Cruz Bikes,Electra Cruiser Lux Fat Tire 1 Ladies - 2017,Cruisers Bicycles,23,Well Stocked
Santa Cruz Bikes,"Electra Girl's Hawaii 1 16"" - 2017",Cruisers Bicycles,15,Moderate
Santa Cruz Bikes,Electra Glam Punk 3i Ladies' - 2017,Cruisers Bicycles,16,Moderate
Santa Cruz Bikes,Sun Bicycles Biscayne Tandem CB - 2017,Cruisers Bicycles,13,Moderate
Santa Cruz Bikes,Sun Bicycles Boardwalk (24-inch Wheels) - 2017,Cruisers Bicycles,13,Moderate
Santa Cruz Bikes,Sun Bicycles Brickell Tandem CB - 2017,Cruisers Bicycles,11,Moderate
Santa Cruz Bikes,Electra Amsterdam Fashion 7i Ladies' - 2017,Cruisers Bicycles,25,Well Stocked
Santa Cruz Bikes,Electra Amsterdam Original 3i Ladies' - 2017,Cruisers Bicycles,1,Low Stock
Santa Cruz Bikes,Trek Boy's Kickster - 2015/2017,Children Bicycles,13,Moderate
Santa Cruz Bikes,Sun Bicycles Lil Kitt'n - 2017,Children Bicycles,11,Moderate
Santa Cruz Bikes,Haro Downtown 16 - 2017,Children Bicycles,23,Well Stocked
Santa Cruz Bikes,Trek Girl's Kickster - 2017,Children Bicycles,19,Moderate
Santa Cruz Bikes,Trek Precaliber 12 Boys - 2017,Children Bicycles,27,Well Stocked
Santa Cruz Bikes,Trek Precaliber 12 Girls - 2017,Children Bicycles,7,Moderate
Santa Cruz Bikes,Trek Precaliber 16 Boys - 2017,Children Bicycles,9,Moderate
Santa Cruz Bikes,Trek Precaliber 16 Girls - 2017,Children Bicycles,4,Low Stock
Santa Cruz Bikes,Trek Precaliber 24 (21-Speed) - Girls - 2017,Children Bicycles,8,Moderate
Santa Cruz Bikes,Haro Shredder 20 - 2017,Children Bicycles,0,Out of Stock
Santa Cruz Bikes,Haro Shredder 20 Girls - 2017,Children Bicycles,22,Well Stocked
Santa Cruz Bikes,Haro Shredder Pro 20 - 2017,Children Bicycles,6,Moderate
Santa Cruz Bikes,"Electra Girl's Hawaii 1 16"" - 2017",Children Bicycles,25,Well Stocked
Santa Cruz Bikes,Electra Moto 3i (20-inch) - Boy's - 2017,Children Bicycles,20,Well Stocked
Santa Cruz Bikes,Electra Savannah 3i (20-inch) - Girl's - 2017,Children Bicycles,20,Well Stocked
Santa Cruz Bikes,Electra Straight 8 3i (20-inch) - Boy's - 2017,Children Bicycles,28,Well Stocked
Santa Cruz Bikes,Electra Sugar Skulls 1 (20-inch) - Girl's - 2017,Children Bicycles,28,Well Stocked
Santa Cruz Bikes,Electra Townie 3i EQ (20-inch) - Boys' - 2017,Children Bicycles,15,Moderate
Santa Cruz Bikes,Electra Townie 7D (20-inch) - Boys' - 2017,Children Bicycles,17,Moderate
Santa Cruz Bikes,Electra Townie Original 7D - 2017,Comfort Bicycles,9,Moderate
Santa Cruz Bikes,Sun Bicycles Streamway 3 - 2017,Comfort Bicycles,13,Moderate
Santa Cruz Bikes,Sun Bicycles Streamway - 2017,Comfort Bicycles,25,Well Stocked
Santa Cruz Bikes,Sun Bicycles Streamway 7 - 2017,Comfort Bicycles,7,Moderate
Santa Cruz Bikes,Sun Bicycles Cruz 3 - 2017,Comfort Bicycles,30,Well Stocked
Santa Cruz Bikes,Sun Bicycles Cruz 7 - 2017,Comfort Bicycles,20,Well Stocked
Santa Cruz Bikes,Sun Bicycles Cruz 3 - Women's - 2017,Comfort Bicycles,15,Moderate
Santa Cruz Bikes,Sun Bicycles Cruz 7 - Women's - 2017,Comfort Bicycles,30,Well Stocked
Santa Cruz Bikes,Sun Bicycles Drifter 7 - 2017,Comfort Bicycles,1,Low Stock
Santa Cruz Bikes,Sun Bicycles Drifter 7 - Women's - 2017,Comfort Bicycles,11,Moderate
Santa Cruz Bikes,Trek 820 - 2018,Mountain Bikes,17,Moderate
Santa Cruz Bikes,Trek Marlin 5 - 2018,Mountain Bikes,24,Well Stocked
Santa Cruz Bikes,Trek Marlin 6 - 2018,Mountain Bikes,3,Low Stock
Santa Cruz Bikes,Trek Fuel EX 8 29 - 2018,Mountain Bikes,10,Moderate
Santa Cruz Bikes,Trek Marlin 7 - 2017/2018,Mountain Bikes,24,Well Stocked
Santa Cruz Bikes,Trek Ticket S Frame - 2018,Mountain Bikes,15,Moderate
Santa Cruz Bikes,Trek X-Caliber 8 - 2018,Mountain Bikes,12,Moderate
Santa Cruz Bikes,Trek Kids' Neko - 2018,Mountain Bikes,17,Moderate
Santa Cruz Bikes,Trek Fuel EX 7 29 - 2018,Mountain Bikes,23,Well Stocked
Santa Cruz Bikes,Surly Krampus Frameset - 2018,Mountain Bikes,19,Moderate
Santa Cruz Bikes,Surly Troll Frameset - 2018,Mountain Bikes,22,Well Stocked
Santa Cruz Bikes,Trek Farley Carbon Frameset - 2018,Mountain Bikes,8,Moderate
Santa Cruz Bikes,Surly Krampus - 2018,Mountain Bikes,23,Well Stocked
Santa Cruz Bikes,Trek Kids' Dual Sport - 2018,Mountain Bikes,22,Well Stocked
Santa Cruz Bikes,Surly Big Fat Dummy Frameset - 2018,Mountain Bikes,28,Well Stocked
Santa Cruz Bikes,Surly Pack Rat Frameset - 2018,Mountain Bikes,12,Moderate
Santa Cruz Bikes,Surly ECR 27.5 - 2018,Mountain Bikes,11,Moderate
Santa Cruz Bikes,Trek X-Caliber 7 - 2018,Mountain Bikes,21,Well Stocked
Santa Cruz Bikes,Trek Stache Carbon Frameset - 2018,Mountain Bikes,22,Well Stocked
Santa Cruz Bikes,Heller Bloodhound Trail - 2018,Mountain Bikes,20,Well Stocked
Santa Cruz Bikes,Trek Procal AL Frameset - 2018,Mountain Bikes,1,Low Stock
Santa Cruz Bikes,Trek Procaliber Frameset - 2018,Mountain Bikes,9,Moderate
Santa Cruz Bikes,Trek Remedy 27.5 C Frameset - 2018,Mountain Bikes,26,Well Stocked
Santa Cruz Bikes,Trek X-Caliber Frameset - 2018,Mountain Bikes,15,Moderate
Santa Cruz Bikes,Trek Procaliber 6 - 2018,Mountain Bikes,12,Moderate
Santa Cruz Bikes,Heller Shagamaw GX1 - 2018,Mountain Bikes,12,Moderate
Santa Cruz Bikes,Trek Fuel EX 5 Plus - 2018,Mountain Bikes,6,Moderate
Santa Cruz Bikes,Trek Remedy 7 27.5 - 2018,Mountain Bikes,17,Moderate
Santa Cruz Bikes,Trek Remedy 9.8 27.5 - 2018,Mountain Bikes,3,Low Stock
Santa Cruz Bikes,Trek Stache 5 - 2018,Mountain Bikes,21,Well Stocked
Santa Cruz Bikes,Trek Fuel EX 8 29 XT - 2018,Mountain Bikes,22,Well Stocked
Santa Cruz Bikes,Trek Domane ALR 3 - 2018,Road Bikes,19,Moderate
Santa Cruz Bikes,Trek Domane ALR 4 Disc - 2018,Road Bikes,7,Moderate
Santa Cruz Bikes,Trek Domane ALR 5 Disc - 2018,Road Bikes,5,Moderate
Santa Cruz Bikes,Trek Domane SLR 6 - 2018,Road Bikes,6,Moderate
Santa Cruz Bikes,Trek Domane ALR 5 Gravel - 2018,Road Bikes,8,Moderate
Santa Cruz Bikes,Trek Domane SL 8 Disc - 2018,Road Bikes,6,Moderate
Santa Cruz Bikes,Trek Domane SLR 8 Disc - 2018,Road Bikes,1,Low Stock
Santa Cruz Bikes,Trek Emonda SL 7 - 2018,Road Bikes,22,Well Stocked
Santa Cruz Bikes,Trek Domane ALR 4 Disc Women's - 2018,Road Bikes,24,Well Stocked
Santa Cruz Bikes,Trek Domane SL 5 Disc Women's - 2018,Road Bikes,12,Moderate
Santa Cruz Bikes,Trek Domane SL 7 Women's - 2018,Road Bikes,25,Well Stocked
Santa Cruz Bikes,Trek Domane SLR 6 Disc Women's - 2018,Road Bikes,13,Moderate
Santa Cruz Bikes,Trek Domane SLR 9 Disc - 2018,Road Bikes,8,Moderate
Santa Cruz Bikes,Trek Domane SL Frameset - 2018,Road Bikes,13,Moderate
Santa Cruz Bikes,Trek Domane SL Frameset Women's - 2018,Road Bikes,25,Well Stocked
Santa Cruz Bikes,Trek CrossRip 1 - 2018,Road Bikes,11,Moderate
Santa Cruz Bikes,Trek Emonda ALR 6 - 2018,Road Bikes,18,Moderate
Santa Cruz Bikes,Trek Emonda SLR 6 - 2018,Road Bikes,0,Out of Stock
Santa Cruz Bikes,Surly ECR - 2018,Road Bikes,17,Moderate
Santa Cruz Bikes,Trek Emonda SL 6 Disc - 2018,Road Bikes,14,Moderate
Santa Cruz Bikes,Surly Pack Rat - 2018,Road Bikes,0,Out of Stock
Santa Cruz Bikes,Surly Straggler 650b - 2018,Road Bikes,15,Moderate
Santa Cruz Bikes,Trek 1120 - 2018,Road Bikes,16,Moderate
Santa Cruz Bikes,Trek Domane AL 2 Women's - 2018,Road Bikes,23,Well Stocked
Santa Cruz Bikes,Surly ECR Frameset - 2018,Road Bikes,28,Well Stocked
Santa Cruz Bikes,Surly Straggler - 2018,Road Bikes,0,Out of Stock
Santa Cruz Bikes,Trek Emonda SLR 8 - 2018,Road Bikes,25,Well Stocked
Santa Cruz Bikes,Trek CrossRip 2 - 2018,Road Bikes,14,Moderate
Santa Cruz Bikes,Trek Domane SL 6 - 2018,Road Bikes,3,Low Stock
Santa Cruz Bikes,Trek Domane ALR Disc Frameset - 2018,Road Bikes,3,Low Stock
Santa Cruz Bikes,Trek Domane ALR Frameset - 2018,Road Bikes,2,Low Stock
Santa Cruz Bikes,Trek Domane SLR Disc Frameset - 2018,Road Bikes,26,Well Stocked
Santa Cruz Bikes,Trek Domane SLR Frameset - 2018,Road Bikes,2,Low Stock
Santa Cruz Bikes,Trek Madone 9 Frameset - 2018,Road Bikes,11,Moderate
Santa Cruz Bikes,Trek Domane SLR 6 Disc - 2018,Road Bikes,19,Moderate
Santa Cruz Bikes,Trek Domane AL 2 - 2018,Road Bikes,23,Well Stocked
Santa Cruz Bikes,Trek Domane AL 3 - 2018,Road Bikes,16,Moderate
Santa Cruz Bikes,Trek Domane AL 3 Women's - 2018,Road Bikes,5,Moderate
Santa Cruz Bikes,Trek Domane SL 5 - 2018,Road Bikes,19,Moderate
Santa Cruz Bikes,Trek Domane SL 5 Disc - 2018,Road Bikes,28,Well Stocked
Santa Cruz Bikes,Trek Domane SL 5 Women's - 2018,Road Bikes,11,Moderate
Santa Cruz Bikes,Trek Domane SL 6 Disc - 2018,Road Bikes,4,Low Stock
Santa Cruz Bikes,Trek Conduit+ - 2018,Electric Bikes,3,Low Stock
Santa Cruz Bikes,Trek CrossRip+ - 2018,Electric Bikes,1,Low Stock
Santa Cruz Bikes,Trek Neko+ - 2018,Electric Bikes,16,Moderate
Santa Cruz Bikes,Trek XM700+ Lowstep - 2018,Electric Bikes,30,Well Stocked
Santa Cruz Bikes,Trek Lift+ Lowstep - 2018,Electric Bikes,6,Moderate
Santa Cruz Bikes,Trek Dual Sport+ - 2018,Electric Bikes,21,Well Stocked
Santa Cruz Bikes,Electra Loft Go! 8i - 2018,Electric Bikes,21,Well Stocked
Santa Cruz Bikes,Electra Townie Go! 8i - 2017/2018,Electric Bikes,20,Well Stocked
Santa Cruz Bikes,Trek Lift+ - 2018,Electric Bikes,30,Well Stocked
Santa Cruz Bikes,Trek XM700+ - 2018,Electric Bikes,24,Well Stocked
Santa Cruz Bikes,Electra Townie Go! 8i Ladies' - 2018,Electric Bikes,1,Low Stock
Santa Cruz Bikes,Trek Verve+ - 2018,Electric Bikes,26,Well Stocked
Santa Cruz Bikes,Trek Verve+ Lowstep - 2018,Electric Bikes,22,Well Stocked
Santa Cruz Bikes,Electra Townie Commute Go! - 2018,Electric Bikes,1,Low Stock
Santa Cruz Bikes,Electra Townie Commute Go! Ladies' - 2018,Electric Bikes,2,Low Stock
Santa Cruz Bikes,Trek Powerfly 5 - 2018,Electric Bikes,27,Well Stocked
Santa Cruz Bikes,Trek Powerfly 5 FS - 2018,Electric Bikes,16,Moderate
Santa Cruz Bikes,Trek Powerfly 5 Women's - 2018,Electric Bikes,5,Moderate
Santa Cruz Bikes,Trek Powerfly 7 FS - 2018,Electric Bikes,4,Low Stock
Santa Cruz Bikes,Trek Super Commuter+ 7 - 2018,Electric Bikes,23,Well Stocked
Santa Cruz Bikes,Trek Super Commuter+ 8S - 2018,Electric Bikes,9,Moderate
Santa Cruz Bikes,Trek Boone 5 Disc - 2018,Cyclocross Bicycles,10,Moderate
Santa Cruz Bikes,Trek Boone 7 Disc - 2018,Cyclocross Bicycles,27,Well Stocked
Santa Cruz Bikes,Trek Crockett 5 Disc - 2018,Cyclocross Bicycles,13,Moderate
Santa Cruz Bikes,Trek Crockett 7 Disc - 2018,Cyclocross Bicycles,22,Well Stocked
Santa Cruz Bikes,Surly Straggler - 2018,Cyclocross Bicycles,25,Well Stocked
Santa Cruz Bikes,Surly Straggler 650b - 2018,Cyclocross Bicycles,13,Moderate
Santa Cruz Bikes,Electra Townie Original 21D - 2018,Cruisers Bicycles,17,Moderate
Santa Cruz Bikes,Electra Cruiser 1 - 2016/2017/2018,Cruisers Bicycles,14,Moderate
Santa Cruz Bikes,Electra Tiger Shark 3i - 2018,Cruisers Bicycles,4,Low Stock
Santa Cruz Bikes,Electra Queen of Hearts 3i - 2018,Cruisers Bicycles,1,Low Stock
Santa Cruz Bikes,Electra Super Moto 8i - 2018,Cruisers Bicycles,11,Moderate
Santa Cruz Bikes,Electra Straight 8 3i - 2018,Cruisers Bicycles,11,Moderate
Santa Cruz Bikes,Electra Cruiser 7D - 2016/2017/2018,Cruisers Bicycles,27,Well Stocked
Santa Cruz Bikes,Electra Moto 3i - 2018,Cruisers Bicycles,30,Well Stocked
Santa Cruz Bikes,Electra Cruiser 1 Ladies' - 2018,Cruisers Bicycles,4,Low Stock
Santa Cruz Bikes,Electra Cruiser 7D Ladies' - 2016/2018,Cruisers Bicycles,7,Moderate
Santa Cruz Bikes,Electra Cruiser 1 Tall - 2016/2018,Cruisers Bicycles,12,Moderate
Santa Cruz Bikes,Electra Cruiser Lux 3i - 2018,Cruisers Bicycles,3,Low Stock
Santa Cruz Bikes,Electra Cruiser Lux 7D - 2018,Cruisers Bicycles,16,Moderate
Santa Cruz Bikes,Electra Delivery 3i - 2016/2017/2018,Cruisers Bicycles,24,Well Stocked
Santa Cruz Bikes,Electra Townie Original 21D EQ - 2017/2018,Cruisers Bicycles,18,Moderate
Santa Cruz Bikes,Electra Cruiser 7D (24-Inch) Ladies' - 2016/2018,Cruisers Bicycles,19,Moderate
Santa Cruz Bikes,Electra Cruiser 7D Tall - 2016/2018,Cruisers Bicycles,22,Well Stocked
Santa Cruz Bikes,Electra Cruiser Lux 1 - 2016/2018,Cruisers Bicycles,27,Well Stocked
Santa Cruz Bikes,Electra Cruiser Lux 1 Ladies' - 2018,Cruisers Bicycles,7,Moderate
Santa Cruz Bikes,Electra Cruiser Lux 3i Ladies' - 2018,Cruisers Bicycles,25,Well Stocked
Santa Cruz Bikes,Electra Cruiser Lux 7D Ladies' - 2018,Cruisers Bicycles,5,Moderate
Santa Cruz Bikes,Electra Cruiser Lux Fat Tire 7D - 2018,Cruisers Bicycles,5,Moderate
Santa Cruz Bikes,Electra Daydreamer 3i Ladies' - 2018,Cruisers Bicycles,13,Moderate
Santa Cruz Bikes,Electra Koa 3i Ladies' - 2018,Cruisers Bicycles,7,Moderate
Santa Cruz Bikes,Electra Morningstar 3i Ladies' - 2018,Cruisers Bicycles,18,Moderate
Santa Cruz Bikes,Electra Relic 3i - 2018,Cruisers Bicycles,26,Well Stocked
Santa Cruz Bikes,Electra Townie Balloon 8D EQ - 2016/2017/2018,Cruisers Bicycles,20,Well Stocked
Santa Cruz Bikes,Electra Townie Balloon 8D EQ Ladies' - 2016/2017/2018,Cruisers Bicycles,28,Well Stocked
Santa Cruz Bikes,Electra Townie Commute 27D Ladies - 2018,Cruisers Bicycles,17,Moderate
Santa Cruz Bikes,Electra Townie Commute 8D - 2018,Cruisers Bicycles,17,Moderate
Santa Cruz Bikes,Electra Townie Commute 8D Ladies' - 2018,Cruisers Bicycles,10,Moderate
Santa Cruz Bikes,Electra Townie Original 21D EQ Ladies' - 2018,Cruisers Bicycles,11,Moderate
Santa Cruz Bikes,Electra Townie Original 21D Ladies' - 2018,Cruisers Bicycles,10,Moderate
Santa Cruz Bikes,Electra Townie Original 3i EQ - 2017/2018,Cruisers Bicycles,3,Low Stock
Santa Cruz Bikes,Electra Townie Original 3i EQ Ladies' - 2018,Cruisers Bicycles,0,Out of Stock
Santa Cruz Bikes,Electra Townie Original 7D EQ - 2018,Cruisers Bicycles,15,Moderate
Santa Cruz Bikes,Electra Townie Original 7D EQ Ladies' - 2017/2018,Cruisers Bicycles,14,Moderate
Santa Cruz Bikes,Electra White Water 3i - 2018,Cruisers Bicycles,27,Well Stocked
Santa Cruz Bikes,Electra Townie Go! 8i - 2017/2018,Cruisers Bicycles,3,Low Stock
Santa Cruz Bikes,Electra Townie Commute Go! - 2018,Cruisers Bicycles,2,Low Stock
Santa Cruz Bikes,Electra Townie Commute Go! Ladies' - 2018,Cruisers Bicycles,28,Well Stocked
Santa Cruz Bikes,Electra Townie Go! 8i Ladies' - 2018,Cruisers Bicycles,16,Moderate
Santa Cruz Bikes,Electra Townie Balloon 3i EQ - 2017/2018,Cruisers Bicycles,24,Well Stocked
Santa Cruz Bikes,Electra Townie Balloon 7i EQ Ladies' - 2017/2018,Cruisers Bicycles,13,Moderate
Santa Cruz Bikes,Electra Townie Commute 27D - 2018,Cruisers Bicycles,20,Well Stocked
Santa Cruz Bikes,Electra Amsterdam Fashion 3i Ladies' - 2017/2018,Cruisers Bicycles,17,Moderate
Santa Cruz Bikes,Electra Amsterdam Royal 8i - 2017/2018,Cruisers Bicycles,25,Well Stocked
Santa Cruz Bikes,Electra Amsterdam Royal 8i Ladies - 2018,Cruisers Bicycles,10,Moderate
Santa Cruz Bikes,Electra Townie Balloon 3i EQ Ladies' - 2018,Cruisers Bicycles,20,Well Stocked
Santa Cruz Bikes,Electra Townie Balloon 7i EQ - 2018,Cruisers Bicycles,3,Low Stock
Santa Cruz Bikes,Trek MT 201 - 2018,Children Bicycles,6,Moderate
Santa Cruz Bikes,Strider Classic 12 Balance Bike - 2018,Children Bicycles,21,Well Stocked
Santa Cruz Bikes,Strider Sport 16 - 2018,Children Bicycles,16,Moderate
Santa Cruz Bikes,Strider Strider 20 Sport - 2018,Children Bicycles,28,Well Stocked
Santa Cruz Bikes,Trek Superfly 20 - 2018,Children Bicycles,1,Low Stock
Santa Cruz Bikes,Trek Precaliber 12 Girl's - 2018,Children Bicycles,27,Well Stocked
Santa Cruz Bikes,Trek Kickster - 2018,Children Bicycles,23,Well Stocked
Santa Cruz Bikes,Trek Precaliber 12 Boy's - 2018,Children Bicycles,22,Well Stocked
Santa Cruz Bikes,Trek Precaliber 16 Boy's - 2018,Children Bicycles,16,Moderate
Santa Cruz Bikes,Trek Precaliber 16 Girl's - 2018,Children Bicycles,6,Moderate
Santa Cruz Bikes,Trek Precaliber 20 6-speed Boy's - 2018,Children Bicycles,14,Moderate
Santa Cruz Bikes,Trek Precaliber 20 6-speed Girl's - 2018,Children Bicycles,20,Well Stocked
Santa Cruz Bikes,Trek Precaliber 20 Boy's - 2018,Children Bicycles,19,Moderate
Santa Cruz Bikes,Trek Precaliber 20 Girl's - 2018,Children Bicycles,28,Well Stocked
Santa Cruz Bikes,Trek Precaliber 24 (7-Speed) - Boys - 2018,Children Bicycles,7,Moderate
Santa Cruz Bikes,Trek Precaliber 24 21-speed Boy's - 2018,Children Bicycles,13,Moderate
Santa Cruz Bikes,Trek Precaliber 24 21-speed Girl's - 2018,Children Bicycles,17,Moderate
Santa Cruz Bikes,Trek Precaliber 24 7-speed Girl's - 2018,Children Bicycles,17,Moderate
Santa Cruz Bikes,Trek Superfly 24 - 2017/2018,Children Bicycles,23,Well Stocked
Santa Cruz Bikes,Electra Cruiser 7D (24-Inch) Ladies' - 2016/2018,Children Bicycles,11,Moderate
Santa Cruz Bikes,Electra Cyclosaurus 1 (16-inch) - Boy's - 2018,Children Bicycles,6,Moderate
Santa Cruz Bikes,Electra Heartchya 1 (20-inch) - Girl's - 2018,Children Bicycles,10,Moderate
Santa Cruz Bikes,Electra Savannah 1 (20-inch) - Girl's - 2018,Children Bicycles,27,Well Stocked
Santa Cruz Bikes,Electra Soft Serve 1 (16-inch) - Girl's - 2018,Children Bicycles,20,Well Stocked
Santa Cruz Bikes,"Electra Starship 1 16"" - 2018",Children Bicycles,28,Well Stocked
Santa Cruz Bikes,Electra Straight 8 1 (16-inch) - Boy's - 2018,Children Bicycles,2,Low Stock
Santa Cruz Bikes,Electra Straight 8 1 (20-inch) - Boy's - 2018,Children Bicycles,9,Moderate
Santa Cruz Bikes,"Electra Superbolt 1 20"" - 2018",Children Bicycles,2,Low Stock
Santa Cruz Bikes,"Electra Superbolt 3i 20"" - 2018",Children Bicycles,8,Moderate
Santa Cruz Bikes,Electra Sweet Ride 1 (20-inch) - Girl's - 2018,Children Bicycles,9,Moderate
Santa Cruz Bikes,Electra Sweet Ride 3i (20-inch) - Girls' - 2018,Children Bicycles,30,Well Stocked
Santa Cruz Bikes,Electra Tiger Shark 1 (20-inch) - Boys' - 2018,Children Bicycles,18,Moderate
Santa Cruz Bikes,Electra Tiger Shark 3i (20-inch) - Boys' - 2018,Children Bicycles,3,Low Stock
Santa Cruz Bikes,"Electra Treasure 1 20"" - 2018",Children Bicycles,24,Well Stocked
Santa Cruz Bikes,"Electra Treasure 3i 20"" - 2018",Children Bicycles,9,Moderate
Santa Cruz Bikes,"Electra Under-The-Sea 1 16"" - 2018",Children Bicycles,22,Well Stocked
Santa Cruz Bikes,Electra Water Lily 1 (16-inch) - Girl's - 2018,Children Bicycles,26,Well Stocked
Santa Cruz Bikes,Electra Townie Original 21D - 2018,Comfort Bicycles,18,Moderate
Santa Cruz Bikes,Electra Townie Balloon 3i EQ Ladies' - 2018,Comfort Bicycles,7,Moderate
Santa Cruz Bikes,Electra Townie Balloon 7i EQ - 2018,Comfort Bicycles,10,Moderate
Santa Cruz Bikes,Electra Townie Original 1 - 2018,Comfort Bicycles,0,Out of Stock
Santa Cruz Bikes,Electra Townie Go! 8i - 2017/2018,Comfort Bicycles,12,Moderate
Santa Cruz Bikes,Electra Townie Original 21D EQ - 2017/2018,Comfort Bicycles,15,Moderate
Santa Cruz Bikes,Electra Townie Balloon 3i EQ - 2017/2018,Comfort Bicycles,23,Well Stocked
Santa Cruz Bikes,Electra Townie Balloon 7i EQ Ladies' - 2017/2018,Comfort Bicycles,21,Well Stocked
Santa Cruz Bikes,Electra Townie Balloon 8D EQ - 2016/2017/2018,Comfort Bicycles,17,Moderate
Santa Cruz Bikes,Electra Townie Balloon 8D EQ Ladies' - 2016/2017/2018,Comfort Bicycles,23,Well Stocked
Santa Cruz Bikes,Electra Townie Commute 27D - 2018,Comfort Bicycles,7,Moderate
Santa Cruz Bikes,Electra Townie Commute 27D Ladies - 2018,Comfort Bicycles,18,Moderate
Santa Cruz Bikes,Electra Townie Commute 8D - 2018,Comfort Bicycles,20,Well Stocked
Santa Cruz Bikes,Electra Townie Commute 8D Ladies' - 2018,Comfort Bicycles,23,Well Stocked
Santa Cruz Bikes,Electra Townie Original 1 Ladies' - 2018,Comfort Bicycles,14,Moderate
Baldwin Bikes,Trek 820 - 2016,Mountain Bikes,14,Moderate
Baldwin Bikes,Ritchey Timberwolf Frameset - 2016,Mountain Bikes,16,Moderate
Baldwin Bikes,Surly Wednesday Frameset - 2016,Mountain Bikes,28,Well Stocked
Baldwin Bikes,Trek Fuel EX 8 29 - 2016,Mountain Bikes,2,Low Stock
Baldwin Bikes,Heller Shagamaw Frame - 2016,Mountain Bikes,1,Low Stock
Baldwin Bikes,Surly Ice Cream Truck Frameset - 2016,Mountain Bikes,11,Moderate
Baldwin Bikes,Trek Slash 8 27.5 - 2016,Mountain Bikes,8,Moderate
Baldwin Bikes,Trek Remedy 29 Carbon Frameset - 2016,Mountain Bikes,1,Low Stock
Baldwin Bikes,Trek Conduit+ - 2016,Electric Bikes,17,Moderate
Baldwin Bikes,Surly Straggler - 2016,Cyclocross Bicycles,13,Moderate
Baldwin Bikes,Surly Straggler 650b - 2016,Cyclocross Bicycles,21,Well Stocked
Baldwin Bikes,Electra Townie Original 21D - 2016,Cruisers Bicycles,2,Low Stock
Baldwin Bikes,Electra Cruiser 1 (24-Inch) - 2016,Cruisers Bicycles,1,Low Stock
Baldwin Bikes,Electra Girl's Hawaii 1 (16-inch) - 2015/2016,Cruisers Bicycles,18,Moderate
Baldwin Bikes,Electra Moto 1 - 2016,Cruisers Bicycles,6,Moderate
Baldwin Bikes,Electra Townie Original 7D EQ - 2016,Cruisers Bicycles,20,Well Stocked
Baldwin Bikes,Pure Cycles Vine 8-Speed - 2016,Cruisers Bicycles,3,Low Stock
Baldwin Bikes,Pure Cycles Western 3-Speed - Women's - 2015/2016,Cruisers Bicycles,13,Moderate
Baldwin Bikes,Pure Cycles William 3-Speed - 2016,Cruisers Bicycles,15,Moderate
Baldwin Bikes,Electra Townie Original 7D EQ - Women's - 2016,Cruisers Bicycles,20,Well Stocked
Baldwin Bikes,Electra Cruiser 1 (24-Inch) - 2016,Children Bicycles,16,Moderate
Baldwin Bikes,Electra Girl's Hawaii 1 (16-inch) - 2015/2016,Children Bicycles,0,Out of Stock
Baldwin Bikes,Electra Girl's Hawaii 1 (20-inch) - 2015/2016,Children Bicycles,12,Moderate
Baldwin Bikes,Electra Townie Original 21D - 2016,Comfort Bicycles,16,Moderate
Baldwin Bikes,Electra Townie Original 7D - 2015/2016,Comfort Bicycles,18,Moderate
Baldwin Bikes,Electra Townie Original 7D EQ - 2016,Comfort Bicycles,2,Low Stock
Baldwin Bikes,Surly Big Dummy Frameset - 2017,Mountain Bikes,10,Moderate
Baldwin Bikes,Surly Karate Monkey 27.5+ Frameset - 2017,Mountain Bikes,25,Well Stocked
Baldwin Bikes,Trek X-Caliber 8 - 2017,Mountain Bikes,29,Well Stocked
Baldwin Bikes,Surly Ice Cream Truck Frameset - 2017,Mountain Bikes,17,Moderate
Baldwin Bikes,Surly Wednesday - 2017,Mountain Bikes,10,Moderate
Baldwin Bikes,Trek Farley Alloy Frameset - 2017,Mountain Bikes,13,Moderate
Baldwin Bikes,Surly Wednesday Frameset - 2017,Mountain Bikes,8,Moderate
Baldwin Bikes,Trek Session DH 27.5 Carbon Frameset - 2017,Mountain Bikes,24,Well Stocked
Baldwin Bikes,Sun Bicycles Spider 3i - 2017,Mountain Bikes,25,Well Stocked
Baldwin Bikes,Surly Troll Frameset - 2017,Mountain Bikes,15,Moderate
Baldwin Bikes,Haro Flightline One ST - 2017,Mountain Bikes,5,Moderate
Baldwin Bikes,Haro Flightline Two 26 Plus - 2017,Mountain Bikes,18,Moderate
Baldwin Bikes,Trek Stache 5 - 2017,Mountain Bikes,28,Well Stocked
Baldwin Bikes,Trek Fuel EX 9.8 29 - 2017,Mountain Bikes,15,Moderate
Baldwin Bikes,Haro Shift R3 - 2017,Mountain Bikes,6,Moderate
Baldwin Bikes,Trek Fuel EX 5 27.5 Plus - 2017,Mountain Bikes,16,Moderate
Baldwin Bikes,Trek Fuel EX 9.8 27.5 Plus - 2017,Mountain Bikes,2,Low Stock
Baldwin Bikes,Haro SR 1.1 - 2017,Mountain Bikes,24,Well Stocked
Baldwin Bikes,Haro SR 1.2 - 2017,Mountain Bikes,13,Moderate
Baldwin Bikes,Haro SR 1.3 - 2017,Mountain Bikes,18,Moderate
Baldwin Bikes,Trek Remedy 9.8 - 2017,Mountain Bikes,0,Out of Stock
Baldwin Bikes,Trek Emonda S 4 - 2017,Road Bikes,20,Well Stocked
Baldwin Bikes,Trek Domane SL 6 - 2017,Road Bikes,4,Low Stock
Baldwin Bikes,Trek Silque SLR 7 Women's - 2017,Road Bikes,7,Moderate
Baldwin Bikes,Trek Silque SLR 8 Women's - 2017,Road Bikes,8,Moderate
Baldwin Bikes,Surly Steamroller - 2017,Road Bikes,23,Well Stocked
Baldwin Bikes,Surly Ogre Frameset - 2017,Road Bikes,19,Moderate
Baldwin Bikes,Trek Domane SL Disc Frameset - 2017,Road Bikes,6,Moderate
Baldwin Bikes,Trek Domane S 6 - 2017,Road Bikes,5,Moderate
Baldwin Bikes,Trek Domane SLR 6 Disc - 2017,Road Bikes,20,Well Stocked
Baldwin Bikes,Trek Emonda S 5 - 2017,Road Bikes,27,Well Stocked
Baldwin Bikes,Trek Madone 9.2 - 2017,Road Bikes,15,Moderate
Baldwin Bikes,Trek Domane S 5 Disc - 2017,Road Bikes,17,Moderate
Baldwin Bikes,Sun Bicycles ElectroLite - 2017,Electric Bikes,1,Low Stock
Baldwin Bikes,Trek Powerfly 8 FS Plus - 2017,Electric Bikes,20,Well Stocked
Baldwin Bikes,Trek Boone 7 - 2017,Cyclocross Bicycles,4,Low Stock
Baldwin Bikes,Trek Boone Race Shop Limited - 2017,Cyclocross Bicycles,5,Moderate
Baldwin Bikes,Electra Townie Original 7D - 2017,Cruisers Bicycles,30,Well Stocked
Baldwin Bikes,Sun Bicycles Lil Bolt Type-R - 2017,Cruisers Bicycles,16,Moderate
Baldwin Bikes,Sun Bicycles Revolutions 24 - 2017,Cruisers Bicycles,22,Well Stocked
Baldwin Bikes,Sun Bicycles Revolutions 24 - Girl's - 2017,Cruisers Bicycles,8,Moderate
Baldwin Bikes,Sun Bicycles Cruz 3 - 2017,Cruisers Bicycles,23,Well Stocked
Baldwin Bikes,Sun Bicycles Cruz 7 - 2017,Cruisers Bicycles,22,Well Stocked
Baldwin Bikes,Electra Amsterdam Original 3i - 2015/2017,Cruisers Bicycles,6,Moderate
Baldwin Bikes,Sun Bicycles Atlas X-Type - 2017,Cruisers Bicycles,30,Well Stocked
Baldwin Bikes,Sun Bicycles Biscayne Tandem 7 - 2017,Cruisers Bicycles,1,Low Stock
Baldwin Bikes,Sun Bicycles Brickell Tandem 7 - 2017,Cruisers Bicycles,20,Well Stocked
Baldwin Bikes,Electra Cruiser Lux 1 - 2017,Cruisers Bicycles,23,Well Stocked
Baldwin Bikes,Electra Cruiser Lux Fat Tire 1 Ladies - 2017,Cruisers Bicycles,11,Moderate
Baldwin Bikes,"Electra Girl's Hawaii 1 16"" - 2017",Cruisers Bicycles,20,Well Stocked
Baldwin Bikes,Electra Glam Punk 3i Ladies' - 2017,Cruisers Bicycles,25,Well Stocked
Baldwin Bikes,Sun Bicycles Biscayne Tandem CB - 2017,Cruisers Bicycles,4,Low Stock
Baldwin Bikes,Sun Bicycles Boardwalk (24-inch Wheels) - 2017,Cruisers Bicycles,29,Well Stocked
Baldwin Bikes,Sun Bicycles Brickell Tandem CB - 2017,Cruisers Bicycles,27,Well Stocked
Baldwin Bikes,Electra Amsterdam Fashion 7i Ladies' - 2017,Cruisers Bicycles,19,Moderate
Baldwin Bikes,Electra Amsterdam Original 3i Ladies' - 2017,Cruisers Bicycles,4,Low Stock
Baldwin Bikes,Trek Boy's Kickster - 2015/2017,Children Bicycles,21,Well Stocked
Baldwin Bikes,Sun Bicycles Lil Kitt'n - 2017,Children Bicycles,22,Well Stocked
Baldwin Bikes,Haro Downtown 16 - 2017,Children Bicycles,6,Moderate
Baldwin Bikes,Trek Girl's Kickster - 2017,Children Bicycles,24,Well Stocked
Baldwin Bikes,Trek Precaliber 12 Boys - 2017,Children Bicycles,14,Moderate
Baldwin Bikes,Trek Precaliber 12 Girls - 2017,Children Bicycles,8,Moderate
Baldwin Bikes,Trek Precaliber 16 Boys - 2017,Children Bicycles,8,Moderate
Baldwin Bikes,Trek Precaliber 16 Girls - 2017,Children Bicycles,26,Well Stocked
Baldwin Bikes,Trek Precaliber 24 (21-Speed) - Girls - 2017,Children Bicycles,0,Out of Stock
Baldwin Bikes,Haro Shredder 20 - 2017,Children Bicycles,22,Well Stocked
Baldwin Bikes,Haro Shredder 20 Girls - 2017,Children Bicycles,22,Well Stocked
Baldwin Bikes,Haro Shredder Pro 20 - 2017,Children Bicycles,2,Low Stock
Baldwin Bikes,"Electra Girl's Hawaii 1 16"" - 2017",Children Bicycles,10,Moderate
Baldwin Bikes,Electra Moto 3i (20-inch) - Boy's - 2017,Children Bicycles,22,Well Stocked
Baldwin Bikes,Electra Savannah 3i (20-inch) - Girl's - 2017,Children Bicycles,15,Moderate
Baldwin Bikes,Electra Straight 8 3i (20-inch) - Boy's - 2017,Children Bicycles,14,Moderate
Baldwin Bikes,Electra Sugar Skulls 1 (20-inch) - Girl's - 2017,Children Bicycles,24,Well Stocked
Baldwin Bikes,Electra Townie 3i EQ (20-inch) - Boys' - 2017,Children Bicycles,12,Moderate
Baldwin Bikes,Electra Townie 7D (20-inch) - Boys' - 2017,Children Bicycles,4,Low Stock
Baldwin Bikes,Electra Townie Original 7D - 2017,Comfort Bicycles,12,Moderate
Baldwin Bikes,Sun Bicycles Streamway 3 - 2017,Comfort Bicycles,1,Low Stock
Baldwin Bikes,Sun Bicycles Streamway - 2017,Comfort Bicycles,26,Well Stocked
Baldwin Bikes,Sun Bicycles Streamway 7 - 2017,Comfort Bicycles,3,Low Stock
Baldwin Bikes,Sun Bicycles Cruz 3 - 2017,Comfort Bicycles,7,Moderate
Baldwin Bikes,Sun Bicycles Cruz 7 - 2017,Comfort Bicycles,29,Well Stocked
Baldwin Bikes,Sun Bicycles Cruz 3 - Women's - 2017,Comfort Bicycles,29,Well Stocked
Baldwin Bikes,Sun Bicycles Cruz 7 - Women's - 2017,Comfort Bicycles,25,Well Stocked
Baldwin Bikes,Sun Bicycles Drifter 7 - 2017,Comfort Bicycles,7,Moderate
Baldwin Bikes,Sun Bicycles Drifter 7 - Women's - 2017,Comfort Bicycles,6,Moderate
Baldwin Bikes,Trek 820 - 2018,Mountain Bikes,1,Low Stock
Baldwin Bikes,Trek Marlin 5 - 2018,Mountain Bikes,7,Moderate
Baldwin Bikes,Trek Marlin 6 - 2018,Mountain Bikes,12,Moderate
Baldwin Bikes,Trek Fuel EX 8 29 - 2018,Mountain Bikes,19,Moderate
Baldwin Bikes,Trek Marlin 7 - 2017/2018,Mountain Bikes,17,Moderate
Baldwin Bikes,Trek Ticket S Frame - 2018,Mountain Bikes,18,Moderate
Baldwin Bikes,Trek X-Caliber 8 - 2018,Mountain Bikes,25,Well Stocked
Baldwin Bikes,Trek Kids' Neko - 2018,Mountain Bikes,23,Well Stocked
Baldwin Bikes,Trek Fuel EX 7 29 - 2018,Mountain Bikes,16,Moderate
Baldwin Bikes,Surly Krampus Frameset - 2018,Mountain Bikes,3,Low Stock
Baldwin Bikes,Surly Troll Frameset - 2018,Mountain Bikes,11,Moderate
Baldwin Bikes,Trek Farley Carbon Frameset - 2018,Mountain Bikes,18,Moderate
Baldwin Bikes,Surly Krampus - 2018,Mountain Bikes,4,Low Stock
Baldwin Bikes,Trek Kids' Dual Sport - 2018,Mountain Bikes,10,Moderate
Baldwin Bikes,Surly Big Fat Dummy Frameset - 2018,Mountain Bikes,13,Moderate
Baldwin Bikes,Surly Pack Rat Frameset - 2018,Mountain Bikes,12,Moderate
Baldwin Bikes,Surly ECR 27.5 - 2018,Mountain Bikes,28,Well Stocked
Baldwin Bikes,Trek X-Caliber 7 - 2018,Mountain Bikes,21,Well Stocked
Baldwin Bikes,Trek Stache Carbon Frameset - 2018,Mountain Bikes,17,Moderate
Baldwin Bikes,Heller Bloodhound Trail - 2018,Mountain Bikes,9,Moderate
Baldwin Bikes,Trek Procal AL Frameset - 2018,Mountain Bikes,6,Moderate
Baldwin Bikes,Trek Procaliber Frameset - 2018,Mountain Bikes,28,Well Stocked
Baldwin Bikes,Trek Remedy 27.5 C Frameset - 2018,Mountain Bikes,13,Moderate
Baldwin Bikes,Trek X-Caliber Frameset - 2018,Mountain Bikes,30,Well Stocked
Baldwin Bikes,Trek Procaliber 6 - 2018,Mountain Bikes,8,Moderate
Baldwin Bikes,Heller Shagamaw GX1 - 2018,Mountain Bikes,1,Low Stock
Baldwin Bikes,Trek Fuel EX 5 Plus - 2018,Mountain Bikes,16,Moderate
Baldwin Bikes,Trek Remedy 7 27.5 - 2018,Mountain Bikes,24,Well Stocked
Baldwin Bikes,Trek Remedy 9.8 27.5 - 2018,Mountain Bikes,13,Moderate
Baldwin Bikes,Trek Stache 5 - 2018,Mountain Bikes,28,Well Stocked
Baldwin Bikes,Trek Fuel EX 8 29 XT - 2018,Mountain Bikes,24,Well Stocked
Baldwin Bikes,Trek Domane ALR 3 - 2018,Road Bikes,12,Moderate
Baldwin Bikes,Trek Domane ALR 4 Disc - 2018,Road Bikes,4,Low Stock
Baldwin Bikes,Trek Domane ALR 5 Disc - 2018,Road Bikes,23,Well Stocked
Baldwin Bikes,Trek Domane SLR 6 - 2018,Road Bikes,3,Low Stock
Baldwin Bikes,Trek Domane ALR 5 Gravel - 2018,Road Bikes,13,Moderate
Baldwin Bikes,Trek Domane SL 8 Disc - 2018,Road Bikes,27,Well Stocked
Baldwin Bikes,Trek Domane SLR 8 Disc - 2018,Road Bikes,22,Well Stocked
Baldwin Bikes,Trek Emonda SL 7 - 2018,Road Bikes,7,Moderate
Baldwin Bikes,Trek Domane ALR 4 Disc Women's - 2018,Road Bikes,2,Low Stock
Baldwin Bikes,Trek Domane SL 5 Disc Women's - 2018,Road Bikes,21,Well Stocked
Baldwin Bikes,Trek Domane SL 7 Women's - 2018,Road Bikes,21,Well Stocked
Baldwin Bikes,Trek Domane SLR 6 Disc Women's - 2018,Road Bikes,9,Moderate
Baldwin Bikes,Trek Domane SLR 9 Disc - 2018,Road Bikes,21,Well Stocked
Baldwin Bikes,Trek Domane SL Frameset - 2018,Road Bikes,8,Moderate
Baldwin Bikes,Trek Domane SL Frameset Women's - 2018,Road Bikes,28,Well Stocked
Baldwin Bikes,Trek CrossRip 1 - 2018,Road Bikes,0,Out of Stock
Baldwin Bikes,Trek Emonda ALR 6 - 2018,Road Bikes,30,Well Stocked
Baldwin Bikes,Trek Emonda SLR 6 - 2018,Road Bikes,4,Low Stock
Baldwin Bikes,Surly ECR - 2018,Road Bikes,9,Moderate
Baldwin Bikes,Trek Emonda SL 6 Disc - 2018,Road Bikes,18,Moderate
Baldwin Bikes,Surly Pack Rat - 2018,Road Bikes,30,Well Stocked
Baldwin Bikes,Surly Straggler 650b - 2018,Road Bikes,9,Moderate
Baldwin Bikes,Trek 1120 - 2018,Road Bikes,6,Moderate
Baldwin Bikes,Trek Domane AL 2 Women's - 2018,Road Bikes,27,Well Stocked
Baldwin Bikes,Surly ECR Frameset - 2018,Road Bikes,1,Low Stock
Baldwin Bikes,Surly Straggler - 2018,Road Bikes,29,Well Stocked
Baldwin Bikes,Trek Emonda SLR 8 - 2018,Road Bikes,1,Low Stock
Baldwin Bikes,Trek CrossRip 2 - 2018,Road Bikes,2,Low Stock
Baldwin Bikes,Trek Domane SL 6 - 2018,Road Bikes,28,Well Stocked
Baldwin Bikes,Trek Domane ALR Disc Frameset - 2018,Road Bikes,16,Moderate
Baldwin Bikes,Trek Domane ALR Frameset - 2018,Road Bikes,17,Moderate
Baldwin Bikes,Trek Domane SLR Disc Frameset - 2018,Road Bikes,8,Moderate
Baldwin Bikes,Trek Domane SLR Frameset - 2018,Road Bikes,0,Out of Stock
Baldwin Bikes,Trek Madone 9 Frameset - 2018,Road Bikes,26,Well Stocked
Baldwin Bikes,Trek Domane SLR 6 Disc - 2018,Road Bikes,9,Moderate
Baldwin Bikes,Trek Domane AL 2 - 2018,Road Bikes,1,Low Stock
Baldwin Bikes,Trek Domane AL 3 - 2018,Road Bikes,16,Moderate
Baldwin Bikes,Trek Domane AL 3 Women's - 2018,Road Bikes,3,Low Stock
Baldwin Bikes,Trek Domane SL 5 - 2018,Road Bikes,29,Well Stocked
Baldwin Bikes,Trek Domane SL 5 Disc - 2018,Road Bikes,21,Well Stocked
Baldwin Bikes,Trek Domane SL 5 Women's - 2018,Road Bikes,26,Well Stocked
Baldwin Bikes,Trek Domane SL 6 Disc - 2018,Road Bikes,0,Out of Stock
Baldwin Bikes,Trek Conduit+ - 2018,Electric Bikes,4,Low Stock
Baldwin Bikes,Trek CrossRip+ - 2018,Electric Bikes,16,Moderate
Baldwin Bikes,Trek Neko+ - 2018,Electric Bikes,10,Moderate
Baldwin Bikes,Trek XM700+ Lowstep - 2018,Electric Bikes,27,Well Stocked
Baldwin Bikes,Trek Lift+ Lowstep - 2018,Electric Bikes,13,Moderate
Baldwin Bikes,Trek Dual Sport+ - 2018,Electric Bikes,18,Moderate
Baldwin Bikes,Electra Loft Go! 8i - 2018,Electric Bikes,15,Moderate
Baldwin Bikes,Electra Townie Go! 8i - 2017/2018,Electric Bikes,0,Out of Stock
Baldwin Bikes,Trek Lift+ - 2018,Electric Bikes,21,Well Stocked
Baldwin Bikes,Trek XM700+ - 2018,Electric Bikes,15,Moderate
Baldwin Bikes,Electra Townie Go! 8i Ladies' - 2018,Electric Bikes,19,Moderate
Baldwin Bikes,Trek Verve+ - 2018,Electric Bikes,28,Well Stocked
Baldwin Bikes,Trek Verve+ Lowstep - 2018,Electric Bikes,10,Moderate
Baldwin Bikes,Electra Townie Commute Go! - 2018,Electric Bikes,0,Out of Stock
Baldwin Bikes,Electra Townie Commute Go! Ladies' - 2018,Electric Bikes,13,Moderate
Baldwin Bikes,Trek Powerfly 5 - 2018,Electric Bikes,11,Moderate
Baldwin Bikes,Trek Powerfly 5 FS - 2018,Electric Bikes,24,Well Stocked
Baldwin Bikes,Trek Powerfly 5 Women's - 2018,Electric Bikes,1,Low Stock
Baldwin Bikes,Trek Powerfly 7 FS - 2018,Electric Bikes,7,Moderate
Baldwin Bikes,Trek Super Commuter+ 7 - 2018,Electric Bikes,25,Well Stocked
Baldwin Bikes,Trek Super Commuter+ 8S - 2018,Electric Bikes,13,Moderate
Baldwin Bikes,Trek Boone 5 Disc - 2018,Cyclocross Bicycles,9,Moderate
Baldwin Bikes,Trek Boone 7 Disc - 2018,Cyclocross Bicycles,8,Moderate
Baldwin Bikes,Trek Crockett 5 Disc - 2018,Cyclocross Bicycles,12,Moderate
Baldwin Bikes,Trek Crockett 7 Disc - 2018,Cyclocross Bicycles,11,Moderate
Baldwin Bikes,Surly Straggler - 2018,Cyclocross Bicycles,10,Moderate
Baldwin Bikes,Surly Straggler 650b - 2018,Cyclocross Bicycles,4,Low Stock
Baldwin Bikes,Electra Townie Original 21D - 2018,Cruisers Bicycles,22,Well Stocked
Baldwin Bikes,Electra Cruiser 1 - 2016/2017/2018,Cruisers Bicycles,10,Moderate
Baldwin Bikes,Electra Tiger Shark 3i - 2018,Cruisers Bicycles,7,Moderate
Baldwin Bikes,Electra Queen of Hearts 3i - 2018,Cruisers Bicycles,11,Moderate
Baldwin Bikes,Electra Super Moto 8i - 2018,Cruisers Bicycles,19,Moderate
Baldwin Bikes,Electra Straight 8 3i - 2018,Cruisers Bicycles,22,Well Stocked
Baldwin Bikes,Electra Cruiser 7D - 2016/2017/2018,Cruisers Bicycles,26,Well Stocked
Baldwin Bikes,Electra Moto 3i - 2018,Cruisers Bicycles,16,Moderate
Baldwin Bikes,Electra Cruiser 1 Ladies' - 2018,Cruisers Bicycles,6,Moderate
Baldwin Bikes,Electra Cruiser 7D Ladies' - 2016/2018,Cruisers Bicycles,12,Moderate
Baldwin Bikes,Electra Cruiser 1 Tall - 2016/2018,Cruisers Bicycles,30,Well Stocked
Baldwin Bikes,Electra Cruiser Lux 3i - 2018,Cruisers Bicycles,7,Moderate
Baldwin Bikes,Electra Cruiser Lux 7D - 2018,Cruisers Bicycles,4,Low Stock
Baldwin Bikes,Electra Delivery 3i - 2016/2017/2018,Cruisers Bicycles,11,Moderate
Baldwin Bikes,Electra Townie Original 21D EQ - 2017/2018,Cruisers Bicycles,5,Moderate
Baldwin Bikes,Electra Cruiser 7D (24-Inch) Ladies' - 2016/2018,Cruisers Bicycles,12,Moderate
Baldwin Bikes,Electra Cruiser 7D Tall - 2016/2018,Cruisers Bicycles,7,Moderate
Baldwin Bikes,Electra Cruiser Lux 1 - 2016/2018,Cruisers Bicycles,29,Well Stocked
Baldwin Bikes,Electra Cruiser Lux 1 Ladies' - 2018,Cruisers Bicycles,25,Well Stocked
Baldwin Bikes,Electra Cruiser Lux 3i Ladies' - 2018,Cruisers Bicycles,8,Moderate
Baldwin Bikes,Electra Cruiser Lux 7D Ladies' - 2018,Cruisers Bicycles,11,Moderate
Baldwin Bikes,Electra Cruiser Lux Fat Tire 7D - 2018,Cruisers Bicycles,25,Well Stocked
Baldwin Bikes,Electra Daydreamer 3i Ladies' - 2018,Cruisers Bicycles,12,Moderate
Baldwin Bikes,Electra Koa 3i Ladies' - 2018,Cruisers Bicycles,4,Low Stock
Baldwin Bikes,Electra Morningstar 3i Ladies' - 2018,Cruisers Bicycles,7,Moderate
Baldwin Bikes,Electra Relic 3i - 2018,Cruisers Bicycles,30,Well Stocked
Baldwin Bikes,Electra Townie Balloon 8D EQ - 2016/2017/2018,Cruisers Bicycles,6,Moderate
Baldwin Bikes,Electra Townie Balloon 8D EQ Ladies' - 2016/2017/2018,Cruisers Bicycles,17,Moderate
Baldwin Bikes,Electra Townie Commute 27D Ladies - 2018,Cruisers Bicycles,19,Moderate
Baldwin Bikes,Electra Townie Commute 8D - 2018,Cruisers Bicycles,24,Well Stocked
Baldwin Bikes,Electra Townie Commute 8D Ladies' - 2018,Cruisers Bicycles,2,Low Stock
Baldwin Bikes,Electra Townie Original 21D EQ Ladies' - 2018,Cruisers Bicycles,18,Moderate
Baldwin Bikes,Electra Townie Original 21D Ladies' - 2018,Cruisers Bicycles,1,Low Stock
Baldwin Bikes,Electra Townie Original 3i EQ - 2017/2018,Cruisers Bicycles,18,Moderate
Baldwin Bikes,Electra Townie Original 3i EQ Ladies' - 2018,Cruisers Bicycles,10,Moderate
Baldwin Bikes,Electra Townie Original 7D EQ - 2018,Cruisers Bicycles,16,Moderate
Baldwin Bikes,Electra Townie Original 7D EQ Ladies' - 2017/2018,Cruisers Bicycles,26,Well Stocked
Baldwin Bikes,Electra White Water 3i - 2018,Cruisers Bicycles,10,Moderate
Baldwin Bikes,Electra Townie Go! 8i - 2017/2018,Cruisers Bicycles,23,Well Stocked
Baldwin Bikes,Electra Townie Commute Go! - 2018,Cruisers Bicycles,0,Out of Stock
Baldwin Bikes,Electra Townie Commute Go! Ladies' - 2018,Cruisers Bicycles,20,Well Stocked
Baldwin Bikes,Electra Townie Go! 8i Ladies' - 2018,Cruisers Bicycles,29,Well Stocked
Baldwin Bikes,Electra Townie Balloon 3i EQ - 2017/2018,Cruisers Bicycles,7,Moderate
Baldwin Bikes,Electra Townie Balloon 7i EQ Ladies' - 2017/2018,Cruisers Bicycles,12,Moderate
Baldwin Bikes,Electra Townie Commute 27D - 2018,Cruisers Bicycles,8,Moderate
Baldwin Bikes,Electra Amsterdam Fashion 3i Ladies' - 2017/2018,Cruisers Bicycles,5,Moderate
Baldwin Bikes,Electra Amsterdam Royal 8i - 2017/2018,Cruisers Bicycles,10,Moderate
Baldwin Bikes,Electra Amsterdam Royal 8i Ladies - 2018,Cruisers Bicycles,16,Moderate
Baldwin Bikes,Electra Townie Balloon 3i EQ Ladies' - 2018,Cruisers Bicycles,20,Well Stocked
Baldwin Bikes,Electra Townie Balloon 7i EQ - 2018,Cruisers Bicycles,4,Low Stock
Baldwin Bikes,Trek MT 201 - 2018,Children Bicycles,8,Moderate
Baldwin Bikes,Strider Classic 12 Balance Bike - 2018,Children Bicycles,4,Low Stock
Baldwin Bikes,Strider Sport 16 - 2018,Children Bicycles,13,Moderate
Baldwin Bikes,Strider Strider 20 Sport - 2018,Children Bicycles,4,Low Stock
Baldwin Bikes,Trek Superfly 20 - 2018,Children Bicycles,18,Moderate
Baldwin Bikes,Trek Precaliber 12 Girl's - 2018,Children Bicycles,21,Well Stocked
Baldwin Bikes,Trek Kickster - 2018,Children Bicycles,3,Low Stock
Baldwin Bikes,Trek Precaliber 12 Boy's - 2018,Children Bicycles,4,Low Stock
Baldwin Bikes,Trek Precaliber 16 Boy's - 2018,Children Bicycles,15,Moderate
Baldwin Bikes,Trek Precaliber 16 Girl's - 2018,Children Bicycles,26,Well Stocked
Baldwin Bikes,Trek Precaliber 20 6-speed Boy's - 2018,Children Bicycles,1,Low Stock
Baldwin Bikes,Trek Precaliber 20 6-speed Girl's - 2018,Children Bicycles,28,Well Stocked
Baldwin Bikes,Trek Precaliber 20 Boy's - 2018,Children Bicycles,15,Moderate
Baldwin Bikes,Trek Precaliber 20 Girl's - 2018,Children Bicycles,3,Low Stock
Baldwin Bikes,Trek Precaliber 24 (7-Speed) - Boys - 2018,Children Bicycles,9,Moderate
Baldwin Bikes,Trek Precaliber 24 21-speed Boy's - 2018,Children Bicycles,4,Low Stock
Baldwin Bikes,Trek Precaliber 24 21-speed Girl's - 2018,Children Bicycles,8,Moderate
Baldwin Bikes,Trek Precaliber 24 7-speed Girl's - 2018,Children Bicycles,18,Moderate
Baldwin Bikes,Trek Superfly 24 - 2017/2018,Children Bicycles,11,Moderate
Baldwin Bikes,Electra Cruiser 7D (24-Inch) Ladies' - 2016/2018,Children Bicycles,3,Low Stock
Baldwin Bikes,Electra Cyclosaurus 1 (16-inch) - Boy's - 2018,Children Bicycles,8,Moderate
Baldwin Bikes,Electra Heartchya 1 (20-inch) - Girl's - 2018,Children Bicycles,28,Well Stocked
Baldwin Bikes,Electra Savannah 1 (20-inch) - Girl's - 2018,Children Bicycles,6,Moderate
Baldwin Bikes,Electra Soft Serve 1 (16-inch) - Girl's - 2018,Children Bicycles,22,Well Stocked
Baldwin Bikes,"Electra Starship 1 16"" - 2018",Children Bicycles,3,Low Stock
Baldwin Bikes,Electra Straight 8 1 (16-inch) - Boy's - 2018,Children Bicycles,15,Moderate
Baldwin Bikes,Electra Straight 8 1 (20-inch) - Boy's - 2018,Children Bicycles,13,Moderate
Baldwin Bikes,"Electra Superbolt 1 20"" - 2018",Children Bicycles,5,Moderate
Baldwin Bikes,"Electra Superbolt 3i 20"" - 2018",Children Bicycles,29,Well Stocked
Baldwin Bikes,Electra Sweet Ride 1 (20-inch) - Girl's - 2018,Children Bicycles,22,Well Stocked
Baldwin Bikes,Electra Sweet Ride 3i (20-inch) - Girls' - 2018,Children Bicycles,22,Well Stocked
Baldwin Bikes,Electra Tiger Shark 1 (20-inch) - Boys' - 2018,Children Bicycles,12,Moderate
Baldwin Bikes,Electra Tiger Shark 3i (20-inch) - Boys' - 2018,Children Bicycles,7,Moderate
Baldwin Bikes,"Electra Treasure 1 20"" - 2018",Children Bicycles,15,Moderate
Baldwin Bikes,"Electra Treasure 3i 20"" - 2018",Children Bicycles,8,Moderate
Baldwin Bikes,"Electra Under-The-Sea 1 16"" - 2018",Children Bicycles,7,Moderate
Baldwin Bikes,Electra Water Lily 1 (16-inch) - Girl's - 2018,Children Bicycles,27,Well Stocked
Baldwin Bikes,Electra Townie Original 21D - 2018,Comfort Bicycles,0,Out of Stock
Baldwin Bikes,Electra Townie Balloon 3i EQ Ladies' - 2018,Comfort Bicycles,13,Moderate
Baldwin Bikes,Electra Townie Balloon 7i EQ - 2018,Comfort Bicycles,26,Well Stocked
Baldwin Bikes,Electra Townie Original 1 - 2018,Comfort Bicycles,6,Moderate
Baldwin Bikes,Electra Townie Go! 8i - 2017/2018,Comfort Bicycles,23,Well Stocked
Baldwin Bikes,Electra Townie Original 21D EQ - 2017/2018,Comfort Bicycles,6,Moderate
Baldwin Bikes,Electra Townie Balloon 3i EQ - 2017/2018,Comfort Bicycles,21,Well Stocked
Baldwin Bikes,Electra Townie Balloon 7i EQ Ladies' - 2017/2018,Comfort Bicycles,17,Moderate
Baldwin Bikes,Electra Townie Balloon 8D EQ - 2016/2017/2018,Comfort Bicycles,18,Moderate
Baldwin Bikes,Electra Townie Balloon 8D EQ Ladies' - 2016/2017/2018,Comfort Bicycles,15,Moderate
Baldwin Bikes,Electra Townie Commute 27D - 2018,Comfort Bicycles,9,Moderate
Baldwin Bikes,Electra Townie Commute 27D Ladies - 2018,Comfort Bicycles,5,Moderate
Baldwin Bikes,Electra Townie Commute 8D - 2018,Comfort Bicycles,27,Well Stocked
Baldwin Bikes,Electra Townie Commute 8D Ladies' - 2018,Comfort Bicycles,2,Low Stock
Baldwin Bikes,Electra Townie Original 1 Ladies' - 2018,Comfort Bicycles,24,Well Stocked
Rowlett Bikes,Trek 820 - 2016,Mountain Bikes,14,Moderate
Rowlett Bikes,Ritchey Timberwolf Frameset - 2016,Mountain Bikes,24,Well Stocked
Rowlett Bikes,Surly Wednesday Frameset - 2016,Mountain Bikes,0,Out of Stock
Rowlett Bikes,Trek Fuel EX 8 29 - 2016,Mountain Bikes,11,Moderate
Rowlett Bikes,Heller Shagamaw Frame - 2016,Mountain Bikes,3,Low Stock
Rowlett Bikes,Surly Ice Cream Truck Frameset - 2016,Mountain Bikes,27,Well Stocked
Rowlett Bikes,Trek Slash 8 27.5 - 2016,Mountain Bikes,12,Moderate
Rowlett Bikes,Trek Remedy 29 Carbon Frameset - 2016,Mountain Bikes,12,Moderate
Rowlett Bikes,Trek Conduit+ - 2016,Electric Bikes,23,Well Stocked
Rowlett Bikes,Surly Straggler - 2016,Cyclocross Bicycles,21,Well Stocked
Rowlett Bikes,Surly Straggler 650b - 2016,Cyclocross Bicycles,30,Well Stocked
Rowlett Bikes,Electra Townie Original 21D - 2016,Cruisers Bicycles,30,Well Stocked
Rowlett Bikes,Electra Cruiser 1 (24-Inch) - 2016,Cruisers Bicycles,19,Moderate
Rowlett Bikes,Electra Girl's Hawaii 1 (16-inch) - 2015/2016,Cruisers Bicycles,4,Low Stock
Rowlett Bikes,Electra Moto 1 - 2016,Cruisers Bicycles,22,Well Stocked
Rowlett Bikes,Electra Townie Original 7D EQ - 2016,Cruisers Bicycles,19,Moderate
Rowlett Bikes,Pure Cycles Vine 8-Speed - 2016,Cruisers Bicycles,22,Well Stocked
Rowlett Bikes,Pure Cycles Western 3-Speed - Women's - 2015/2016,Cruisers Bicycles,5,Moderate
Rowlett Bikes,Pure Cycles William 3-Speed - 2016,Cruisers Bicycles,24,Well Stocked
Rowlett Bikes,Electra Townie Original 7D EQ - Women's - 2016,Cruisers Bicycles,19,Moderate
Rowlett Bikes,Electra Cruiser 1 (24-Inch) - 2016,Children Bicycles,8,Moderate
Rowlett Bikes,Electra Girl's Hawaii 1 (16-inch) - 2015/2016,Children Bicycles,20,Well Stocked
Rowlett Bikes,Electra Girl's Hawaii 1 (20-inch) - 2015/2016,Children Bicycles,8,Moderate
Rowlett Bikes,Electra Townie Original 21D - 2016,Comfort Bicycles,18,Moderate
Rowlett Bikes,Electra Townie Original 7D - 2015/2016,Comfort Bicycles,15,Moderate
Rowlett Bikes,Electra Townie Original 7D EQ - 2016,Comfort Bicycles,27,Well Stocked
Rowlett Bikes,Surly Big Dummy Frameset - 2017,Mountain Bikes,21,Well Stocked
Rowlett Bikes,Surly Karate Monkey 27.5+ Frameset - 2017,Mountain Bikes,20,Well Stocked
Rowlett Bikes,Trek X-Caliber 8 - 2017,Mountain Bikes,11,Moderate
Rowlett Bikes,Surly Ice Cream Truck Frameset - 2017,Mountain Bikes,23,Well Stocked
Rowlett Bikes,Surly Wednesday - 2017,Mountain Bikes,10,Moderate
Rowlett Bikes,Trek Farley Alloy Frameset - 2017,Mountain Bikes,14,Moderate
Rowlett Bikes,Surly Wednesday Frameset - 2017,Mountain Bikes,14,Moderate
Rowlett Bikes,Trek Session DH 27.5 Carbon Frameset - 2017,Mountain Bikes,6,Moderate
Rowlett Bikes,Sun Bicycles Spider 3i - 2017,Mountain Bikes,3,Low Stock
Rowlett Bikes,Surly Troll Frameset - 2017,Mountain Bikes,28,Well Stocked
Rowlett Bikes,Haro Flightline One ST - 2017,Mountain Bikes,30,Well Stocked
Rowlett Bikes,Haro Flightline Two 26 Plus - 2017,Mountain Bikes,23,Well Stocked
Rowlett Bikes,Trek Stache 5 - 2017,Mountain Bikes,22,Well Stocked
Rowlett Bikes,Trek Fuel EX 9.8 29 - 2017,Mountain Bikes,2,Low Stock
Rowlett Bikes,Haro Shift R3 - 2017,Mountain Bikes,25,Well Stocked
Rowlett Bikes,Trek Fuel EX 5 27.5 Plus - 2017,Mountain Bikes,9,Moderate
Rowlett Bikes,Trek Fuel EX 9.8 27.5 Plus - 2017,Mountain Bikes,26,Well Stocked
Rowlett Bikes,Haro SR 1.1 - 2017,Mountain Bikes,26,Well Stocked
Rowlett Bikes,Haro SR 1.2 - 2017,Mountain Bikes,1,Low Stock
Rowlett Bikes,Haro SR 1.3 - 2017,Mountain Bikes,16,Moderate
Rowlett Bikes,Trek Remedy 9.8 - 2017,Mountain Bikes,14,Moderate
Rowlett Bikes,Trek Emonda S 4 - 2017,Road Bikes,2,Low Stock
Rowlett Bikes,Trek Domane SL 6 - 2017,Road Bikes,4,Low Stock
Rowlett Bikes,Trek Silque SLR 7 Women's - 2017,Road Bikes,25,Well Stocked
Rowlett Bikes,Trek Silque SLR 8 Women's - 2017,Road Bikes,2,Low Stock
Rowlett Bikes,Surly Steamroller - 2017,Road Bikes,8,Moderate
Rowlett Bikes,Surly Ogre Frameset - 2017,Road Bikes,6,Moderate
Rowlett Bikes,Trek Domane SL Disc Frameset - 2017,Road Bikes,13,Moderate
Rowlett Bikes,Trek Domane S 6 - 2017,Road Bikes,5,Moderate
Rowlett Bikes,Trek Domane SLR 6 Disc - 2017,Road Bikes,19,Moderate
Rowlett Bikes,Trek Emonda S 5 - 2017,Road Bikes,9,Moderate
Rowlett Bikes,Trek Madone 9.2 - 2017,Road Bikes,27,Well Stocked
Rowlett Bikes,Trek Domane S 5 Disc - 2017,Road Bikes,0,Out of Stock
Rowlett Bikes,Sun Bicycles ElectroLite - 2017,Electric Bikes,7,Moderate
Rowlett Bikes,Trek Powerfly 8 FS Plus - 2017,Electric Bikes,28,Well Stocked
Rowlett Bikes,Trek Boone 7 - 2017,Cyclocross Bicycles,4,Low Stock
Rowlett Bikes,Trek Boone Race Shop Limited - 2017,Cyclocross Bicycles,8,Moderate
Rowlett Bikes,Electra Townie Original 7D - 2017,Cruisers Bicycles,22,Well Stocked
Rowlett Bikes,Sun Bicycles Lil Bolt Type-R - 2017,Cruisers Bicycles,1,Low Stock
Rowlett Bikes,Sun Bicycles Revolutions 24 - 2017,Cruisers Bicycles,3,Low Stock
Rowlett Bikes,Sun Bicycles Revolutions 24 - Girl's - 2017,Cruisers Bicycles,6,Moderate
Rowlett Bikes,Sun Bicycles Cruz 3 - 2017,Cruisers Bicycles,18,Moderate
Rowlett Bikes,Sun Bicycles Cruz 7 - 2017,Cruisers Bicycles,29,Well Stocked
Rowlett Bikes,Electra Amsterdam Original 3i - 2015/2017,Cruisers Bicycles,2,Low Stock
Rowlett Bikes,Sun Bicycles Atlas X-Type - 2017,Cruisers Bicycles,13,Moderate
Rowlett Bikes,Sun Bicycles Biscayne Tandem 7 - 2017,Cruisers Bicycles,6,Moderate
Rowlett Bikes,Sun Bicycles Brickell Tandem 7 - 2017,Cruisers Bicycles,3,Low Stock
Rowlett Bikes,Electra Cruiser Lux 1 - 2017,Cruisers Bicycles,17,Moderate
Rowlett Bikes,Electra Cruiser Lux Fat Tire 1 Ladies - 2017,Cruisers Bicycles,29,Well Stocked
Rowlett Bikes,"Electra Girl's Hawaii 1 16"" - 2017",Cruisers Bicycles,23,Well Stocked
Rowlett Bikes,Electra Glam Punk 3i Ladies' - 2017,Cruisers Bicycles,23,Well Stocked
Rowlett Bikes,Sun Bicycles Biscayne Tandem CB - 2017,Cruisers Bicycles,19,Moderate
Rowlett Bikes,Sun Bicycles Boardwalk (24-inch Wheels) - 2017,Cruisers Bicycles,29,Well Stocked
Rowlett Bikes,Sun Bicycles Brickell Tandem CB - 2017,Cruisers Bicycles,22,Well Stocked
Rowlett Bikes,Electra Amsterdam Fashion 7i Ladies' - 2017,Cruisers Bicycles,18,Moderate
Rowlett Bikes,Electra Amsterdam Original 3i Ladies' - 2017,Cruisers Bicycles,7,Moderate
Rowlett Bikes,Trek Boy's Kickster - 2015/2017,Children Bicycles,23,Well Stocked
Rowlett Bikes,Sun Bicycles Lil Kitt'n - 2017,Children Bicycles,15,Moderate
Rowlett Bikes,Haro Downtown 16 - 2017,Children Bicycles,15,Moderate
Rowlett Bikes,Trek Girl's Kickster - 2017,Children Bicycles,27,Well Stocked
Rowlett Bikes,Trek Precaliber 12 Boys - 2017,Children Bicycles,16,Moderate
Rowlett Bikes,Trek Precaliber 12 Girls - 2017,Children Bicycles,28,Well Stocked
Rowlett Bikes,Trek Precaliber 16 Boys - 2017,Children Bicycles,22,Well Stocked
Rowlett Bikes,Trek Precaliber 16 Girls - 2017,Children Bicycles,9,Moderate
Rowlett Bikes,Trek Precaliber 24 (21-Speed) - Girls - 2017,Children Bicycles,8,Moderate
Rowlett Bikes,Haro Shredder 20 - 2017,Children Bicycles,28,Well Stocked
Rowlett Bikes,Haro Shredder 20 Girls - 2017,Children Bicycles,18,Moderate
Rowlett Bikes,Haro Shredder Pro 20 - 2017,Children Bicycles,15,Moderate
Rowlett Bikes,"Electra Girl's Hawaii 1 16"" - 2017",Children Bicycles,14,Moderate
Rowlett Bikes,Electra Moto 3i (20-inch) - Boy's - 2017,Children Bicycles,1,Low Stock
Rowlett Bikes,Electra Savannah 3i (20-inch) - Girl's - 2017,Children Bicycles,28,Well Stocked
Rowlett Bikes,Electra Straight 8 3i (20-inch) - Boy's - 2017,Children Bicycles,5,Moderate
Rowlett Bikes,Electra Sugar Skulls 1 (20-inch) - Girl's - 2017,Children Bicycles,19,Moderate
Rowlett Bikes,Electra Townie 3i EQ (20-inch) - Boys' - 2017,Children Bicycles,28,Well Stocked
Rowlett Bikes,Electra Townie 7D (20-inch) - Boys' - 2017,Children Bicycles,17,Moderate
Rowlett Bikes,Electra Townie Original 7D - 2017,Comfort Bicycles,22,Well Stocked
Rowlett Bikes,Sun Bicycles Streamway 3 - 2017,Comfort Bicycles,10,Moderate
Rowlett Bikes,Sun Bicycles Streamway - 2017,Comfort Bicycles,22,Well Stocked
Rowlett Bikes,Sun Bicycles Streamway 7 - 2017,Comfort Bicycles,1,Low Stock
Rowlett Bikes,Sun Bicycles Cruz 3 - 2017,Comfort Bicycles,1,Low Stock
Rowlett Bikes,Sun Bicycles Cruz 7 - 2017,Comfort Bicycles,11,Moderate
Rowlett Bikes,Sun Bicycles Cruz 3 - Women's - 2017,Comfort Bicycles,23,Well Stocked
Rowlett Bikes,Sun Bicycles Cruz 7 - Women's - 2017,Comfort Bicycles,24,Well Stocked
Rowlett Bikes,Sun Bicycles Drifter 7 - 2017,Comfort Bicycles,11,Moderate
Rowlett Bikes,Sun Bicycles Drifter 7 - Women's - 2017,Comfort Bicycles,29,Well Stocked
Rowlett Bikes,Trek 820 - 2018,Mountain Bikes,24,Well Stocked
Rowlett Bikes,Trek Marlin 5 - 2018,Mountain Bikes,23,Well Stocked
Rowlett Bikes,Trek Marlin 6 - 2018,Mountain Bikes,12,Moderate
Rowlett Bikes,Trek Fuel EX 8 29 - 2018,Mountain Bikes,25,Well Stocked
Rowlett Bikes,Trek Marlin 7 - 2017/2018,Mountain Bikes,30,Well Stocked
Rowlett Bikes,Trek Ticket S Frame - 2018,Mountain Bikes,23,Well Stocked
Rowlett Bikes,Trek X-Caliber 8 - 2018,Mountain Bikes,9,Moderate
Rowlett Bikes,Trek Kids' Neko - 2018,Mountain Bikes,29,Well Stocked
Rowlett Bikes,Trek Fuel EX 7 29 - 2018,Mountain Bikes,25,Well Stocked
Rowlett Bikes,Surly Krampus Frameset - 2018,Mountain Bikes,4,Low Stock
Rowlett Bikes,Surly Troll Frameset - 2018,Mountain Bikes,8,Moderate
Rowlett Bikes,Trek Farley Carbon Frameset - 2018,Mountain Bikes,15,Moderate
Rowlett Bikes,Surly Krampus - 2018,Mountain Bikes,11,Moderate
Rowlett Bikes,Trek Kids' Dual Sport - 2018,Mountain Bikes,2,Low Stock
Rowlett Bikes,Surly Big Fat Dummy Frameset - 2018,Mountain Bikes,5,Moderate
Rowlett Bikes,Surly Pack Rat Frameset - 2018,Mountain Bikes,4,Low Stock
Rowlett Bikes,Surly ECR 27.5 - 2018,Mountain Bikes,20,Well Stocked
Rowlett Bikes,Trek X-Caliber 7 - 2018,Mountain Bikes,10,Moderate
Rowlett Bikes,Trek Stache Carbon Frameset - 2018,Mountain Bikes,20,Well Stocked
Rowlett Bikes,Heller Bloodhound Trail - 2018,Mountain Bikes,23,Well Stocked
Rowlett Bikes,Trek Procal AL Frameset - 2018,Mountain Bikes,16,Moderate
Rowlett Bikes,Trek Procaliber Frameset - 2018,Mountain Bikes,16,Moderate
Rowlett Bikes,Trek Remedy 27.5 C Frameset - 2018,Mountain Bikes,17,Moderate
Rowlett Bikes,Trek X-Caliber Frameset - 2018,Mountain Bikes,15,Moderate
Rowlett Bikes,Trek Procaliber 6 - 2018,Mountain Bikes,4,Low Stock
Rowlett Bikes,Heller Shagamaw GX1 - 2018,Mountain Bikes,17,Moderate
Rowlett Bikes,Trek Fuel EX 5 Plus - 2018,Mountain Bikes,17,Moderate
Rowlett Bikes,Trek Remedy 7 27.5 - 2018,Mountain Bikes,21,Well Stocked
Rowlett Bikes,Trek Remedy 9.8 27.5 - 2018,Mountain Bikes,3,Low Stock
Rowlett Bikes,Trek Stache 5 - 2018,Mountain Bikes,4,Low Stock
Rowlett Bikes,Trek Fuel EX 8 29 XT - 2018,Mountain Bikes,29,Well Stocked
Rowlett Bikes,Trek Domane ALR 3 - 2018,Road Bikes,9,Moderate
Rowlett Bikes,Trek Domane ALR 4 Disc - 2018,Road Bikes,9,Moderate
Rowlett Bikes,Trek Domane ALR 5 Disc - 2018,Road Bikes,11,Moderate
Rowlett Bikes,Trek Domane SLR 6 - 2018,Road Bikes,9,Moderate
Rowlett Bikes,Trek Domane ALR 5 Gravel - 2018,Road Bikes,3,Low Stock
Rowlett Bikes,Trek Domane SL 8 Disc - 2018,Road Bikes,6,Moderate
Rowlett Bikes,Trek Domane SLR 8 Disc - 2018,Road Bikes,1,Low Stock
Rowlett Bikes,Trek Emonda SL 7 - 2018,Road Bikes,21,Well Stocked
Rowlett Bikes,Trek Domane ALR 4 Disc Women's - 2018,Road Bikes,1,Low Stock
Rowlett Bikes,Trek Domane SL 5 Disc Women's - 2018,Road Bikes,1,Low Stock
Rowlett Bikes,Trek Domane SL 7 Women's - 2018,Road Bikes,7,Moderate
Rowlett Bikes,Trek Domane SLR 6 Disc Women's - 2018,Road Bikes,22,Well Stocked
Rowlett Bikes,Trek Domane SLR 9 Disc - 2018,Road Bikes,25,Well Stocked
Rowlett Bikes,Trek Domane SL Frameset - 2018,Road Bikes,14,Moderate
Rowlett Bikes,Trek Domane SL Frameset Women's - 2018,Road Bikes,12,Moderate
Rowlett Bikes,Trek CrossRip 1 - 2018,Road Bikes,17,Moderate
Rowlett Bikes,Trek Emonda ALR 6 - 2018,Road Bikes,6,Moderate
Rowlett Bikes,Trek Emonda SLR 6 - 2018,Road Bikes,27,Well Stocked
Rowlett Bikes,Surly ECR - 2018,Road Bikes,11,Moderate
Rowlett Bikes,Trek Emonda SL 6 Disc - 2018,Road Bikes,11,Moderate
Rowlett Bikes,Surly Pack Rat - 2018,Road Bikes,11,Moderate
Rowlett Bikes,Surly Straggler 650b - 2018,Road Bikes,18,Moderate
Rowlett Bikes,Trek 1120 - 2018,Road Bikes,19,Moderate
Rowlett Bikes,Trek Domane AL 2 Women's - 2018,Road Bikes,27,Well Stocked
Rowlett Bikes,Surly ECR Frameset - 2018,Road Bikes,8,Moderate
Rowlett Bikes,Surly Straggler - 2018,Road Bikes,23,Well Stocked
Rowlett Bikes,Trek Emonda SLR 8 - 2018,Road Bikes,3,Low Stock
Rowlett Bikes,Trek CrossRip 2 - 2018,Road Bikes,13,Moderate
Rowlett Bikes,Trek Domane SL 6 - 2018,Road Bikes,11,Moderate
Rowlett Bikes,Trek Domane ALR Disc Frameset - 2018,Road Bikes,22,Well Stocked
Rowlett Bikes,Trek Domane ALR Frameset - 2018,Road Bikes,15,Moderate
Rowlett Bikes,Trek Domane SLR Disc Frameset - 2018,Road Bikes,1,Low Stock
Rowlett Bikes,Trek Domane SLR Frameset - 2018,Road Bikes,3,Low Stock
Rowlett Bikes,Trek Madone 9 Frameset - 2018,Road Bikes,6,Moderate
Rowlett Bikes,Trek Domane SLR 6 Disc - 2018,Road Bikes,2,Low Stock
Rowlett Bikes,Trek Domane AL 2 - 2018,Road Bikes,12,Moderate
Rowlett Bikes,Trek Domane AL 3 - 2018,Road Bikes,20,Well Stocked
Rowlett Bikes,Trek Domane AL 3 Women's - 2018,Road Bikes,6,Moderate
Rowlett Bikes,Trek Domane SL 5 - 2018,Road Bikes,8,Moderate
Rowlett Bikes,Trek Domane SL 5 Disc - 2018,Road Bikes,28,Well Stocked
Rowlett Bikes,Trek Domane SL 5 Women's - 2018,Road Bikes,26,Well Stocked
Rowlett Bikes,Trek Domane SL 6 Disc - 2018,Road Bikes,21,Well Stocked
Rowlett Bikes,Trek Conduit+ - 2018,Electric Bikes,15,Moderate
Rowlett Bikes,Trek CrossRip+ - 2018,Electric Bikes,30,Well Stocked
Rowlett Bikes,Trek Neko+ - 2018,Electric Bikes,2,Low Stock
Rowlett Bikes,Trek XM700+ Lowstep - 2018,Electric Bikes,29,Well Stocked
Rowlett Bikes,Trek Lift+ Lowstep - 2018,Electric Bikes,20,Well Stocked
Rowlett Bikes,Trek Dual Sport+ - 2018,Electric Bikes,20,Well Stocked
Rowlett Bikes,Electra Loft Go! 8i - 2018,Electric Bikes,23,Well Stocked
Rowlett Bikes,Electra Townie Go! 8i - 2017/2018,Electric Bikes,10,Moderate
Rowlett Bikes,Trek Lift+ - 2018,Electric Bikes,5,Moderate
Rowlett Bikes,Trek XM700+ - 2018,Electric Bikes,20,Well Stocked
Rowlett Bikes,Electra Townie Go! 8i Ladies' - 2018,Electric Bikes,20,Well Stocked
Rowlett Bikes,Trek Verve+ - 2018,Electric Bikes,25,Well Stocked
Rowlett Bikes,Trek Verve+ Lowstep - 2018,Electric Bikes,8,Moderate
Rowlett Bikes,Electra Townie Commute Go! - 2018,Electric Bikes,27,Well Stocked
Rowlett Bikes,Electra Townie Commute Go! Ladies' - 2018,Electric Bikes,5,Moderate
Rowlett Bikes,Trek Powerfly 5 - 2018,Electric Bikes,29,Well Stocked
Rowlett Bikes,Trek Powerfly 5 FS - 2018,Electric Bikes,30,Well Stocked
Rowlett Bikes,Trek Powerfly 5 Women's - 2018,Electric Bikes,11,Moderate
Rowlett Bikes,Trek Powerfly 7 FS - 2018,Electric Bikes,6,Moderate
Rowlett Bikes,Trek Super Commuter+ 7 - 2018,Electric Bikes,16,Moderate
Rowlett Bikes,Trek Super Commuter+ 8S - 2018,Electric Bikes,3,Low Stock
Rowlett Bikes,Trek Boone 5 Disc - 2018,Cyclocross Bicycles,29,Well Stocked
Rowlett Bikes,Trek Boone 7 Disc - 2018,Cyclocross Bicycles,29,Well Stocked
Rowlett Bikes,Trek Crockett 5 Disc - 2018,Cyclocross Bicycles,12,Moderate
Rowlett Bikes,Trek Crockett 7 Disc - 2018,Cyclocross Bicycles,1,Low Stock
Rowlett Bikes,Surly Straggler - 2018,Cyclocross Bicycles,22,Well Stocked
Rowlett Bikes,Surly Straggler 650b - 2018,Cyclocross Bicycles,3,Low Stock
Rowlett Bikes,Electra Townie Original 21D - 2018,Cruisers Bicycles,23,Well Stocked
Rowlett Bikes,Electra Cruiser 1 - 2016/2017/2018,Cruisers Bicycles,10,Moderate
Rowlett Bikes,Electra Tiger Shark 3i - 2018,Cruisers Bicycles,30,Well Stocked
Rowlett Bikes,Electra Queen of Hearts 3i - 2018,Cruisers Bicycles,12,Moderate
Rowlett Bikes,Electra Super Moto 8i - 2018,Cruisers Bicycles,5,Moderate
Rowlett Bikes,Electra Straight 8 3i - 2018,Cruisers Bicycles,4,Low Stock
Rowlett Bikes,Electra Cruiser 7D - 2016/2017/2018,Cruisers Bicycles,21,Well Stocked
Rowlett Bikes,Electra Moto 3i - 2018,Cruisers Bicycles,29,Well Stocked
Rowlett Bikes,Electra Cruiser 1 Ladies' - 2018,Cruisers Bicycles,0,Out of Stock
Rowlett Bikes,Electra Cruiser 7D Ladies' - 2016/2018,Cruisers Bicycles,25,Well Stocked
Rowlett Bikes,Electra Cruiser 1 Tall - 2016/2018,Cruisers Bicycles,12,Moderate
Rowlett Bikes,Electra Cruiser Lux 3i - 2018,Cruisers Bicycles,29,Well Stocked
Rowlett Bikes,Electra Cruiser Lux 7D - 2018,Cruisers Bicycles,23,Well Stocked
Rowlett Bikes,Electra Delivery 3i - 2016/2017/2018,Cruisers Bicycles,12,Moderate
Rowlett Bikes,Electra Townie Original 21D EQ - 2017/2018,Cruisers Bicycles,14,Moderate
Rowlett Bikes,Electra Cruiser 7D (24-Inch) Ladies' - 2016/2018,Cruisers Bicycles,22,Well Stocked
Rowlett Bikes,Electra Cruiser 7D Tall - 2016/2018,Cruisers Bicycles,29,Well Stocked
Rowlett Bikes,Electra Cruiser Lux 1 - 2016/2018,Cruisers Bicycles,7,Moderate
Rowlett Bikes,Electra Cruiser Lux 1 Ladies' - 2018,Cruisers Bicycles,29,Well Stocked
Rowlett Bikes,Electra Cruiser Lux 3i Ladies' - 2018,Cruisers Bicycles,6,Moderate
Rowlett Bikes,Electra Cruiser Lux 7D Ladies' - 2018,Cruisers Bicycles,16,Moderate
Rowlett Bikes,Electra Cruiser Lux Fat Tire 7D - 2018,Cruisers Bicycles,9,Moderate
Rowlett Bikes,Electra Daydreamer 3i Ladies' - 2018,Cruisers Bicycles,24,Well Stocked
Rowlett Bikes,Electra Koa 3i Ladies' - 2018,Cruisers Bicycles,1,Low Stock
Rowlett Bikes,Electra Morningstar 3i Ladies' - 2018,Cruisers Bicycles,3,Low Stock
Rowlett Bikes,Electra Relic 3i - 2018,Cruisers Bicycles,16,Moderate
Rowlett Bikes,Electra Townie Balloon 8D EQ - 2016/2017/2018,Cruisers Bicycles,12,Moderate
Rowlett Bikes,Electra Townie Balloon 8D EQ Ladies' - 2016/2017/2018,Cruisers Bicycles,29,Well Stocked
Rowlett Bikes,Electra Townie Commute 27D Ladies - 2018,Cruisers Bicycles,26,Well Stocked
Rowlett Bikes,Electra Townie Commute 8D - 2018,Cruisers Bicycles,8,Moderate
Rowlett Bikes,Electra Townie Commute 8D Ladies' - 2018,Cruisers Bicycles,5,Moderate
Rowlett Bikes,Electra Townie Original 21D EQ Ladies' - 2018,Cruisers Bicycles,7,Moderate
Rowlett Bikes,Electra Townie Original 21D Ladies' - 2018,Cruisers Bicycles,5,Moderate
Rowlett Bikes,Electra Townie Original 3i EQ - 2017/2018,Cruisers Bicycles,10,Moderate
Rowlett Bikes,Electra Townie Original 3i EQ Ladies' - 2018,Cruisers Bicycles,7,Moderate
Rowlett Bikes,Electra Townie Original 7D EQ - 2018,Cruisers Bicycles,3,Low Stock
Rowlett Bikes,Electra Townie Original 7D EQ Ladies' - 2017/2018,Cruisers Bicycles,11,Moderate
Rowlett Bikes,Electra White Water 3i - 2018,Cruisers Bicycles,6,Moderate
Rowlett Bikes,Electra Townie Go! 8i - 2017/2018,Cruisers Bicycles,16,Moderate
Rowlett Bikes,Electra Townie Commute Go! - 2018,Cruisers Bicycles,10,Moderate
Rowlett Bikes,Electra Townie Commute Go! Ladies' - 2018,Cruisers Bicycles,27,Well Stocked
Rowlett Bikes,Electra Townie Go! 8i Ladies' - 2018,Cruisers Bicycles,15,Moderate
Rowlett Bikes,Electra Townie Balloon 3i EQ - 2017/2018,Cruisers Bicycles,4,Low Stock
Rowlett Bikes,Electra Townie Balloon 7i EQ Ladies' - 2017/2018,Cruisers Bicycles,17,Moderate
Rowlett Bikes,Electra Townie Commute 27D - 2018,Cruisers Bicycles,1,Low Stock
Rowlett Bikes,Electra Amsterdam Fashion 3i Ladies' - 2017/2018,Cruisers Bicycles,25,Well Stocked
Rowlett Bikes,Electra Amsterdam Royal 8i - 2017/2018,Cruisers Bicycles,10,Moderate
Rowlett Bikes,Electra Amsterdam Royal 8i Ladies - 2018,Cruisers Bicycles,0,Out of Stock
Rowlett Bikes,Electra Townie Balloon 3i EQ Ladies' - 2018,Cruisers Bicycles,5,Moderate
Rowlett Bikes,Electra Townie Balloon 7i EQ - 2018,Cruisers Bicycles,24,Well Stocked
Rowlett Bikes,Trek MT 201 - 2018,Children Bicycles,29,Well Stocked
Rowlett Bikes,Strider Classic 12 Balance Bike - 2018,Children Bicycles,21,Well Stocked
Rowlett Bikes,Strider Sport 16 - 2018,Children Bicycles,7,Moderate
Rowlett Bikes,Strider Strider 20 Sport - 2018,Children Bicycles,22,Well Stocked
Rowlett Bikes,Trek Superfly 20 - 2018,Children Bicycles,18,Moderate
Rowlett Bikes,Trek Precaliber 12 Girl's - 2018,Children Bicycles,12,Moderate
Rowlett Bikes,Trek Kickster - 2018,Children Bicycles,17,Moderate
Rowlett Bikes,Trek Precaliber 12 Boy's - 2018,Children Bicycles,26,Well Stocked
Rowlett Bikes,Trek Precaliber 16 Boy's - 2018,Children Bicycles,6,Moderate
Rowlett Bikes,Trek Precaliber 16 Girl's - 2018,Children Bicycles,23,Well Stocked
Rowlett Bikes,Trek Precaliber 20 6-speed Boy's - 2018,Children Bicycles,12,Moderate
Rowlett Bikes,Trek Precaliber 20 6-speed Girl's - 2018,Children Bicycles,19,Moderate
Rowlett Bikes,Trek Precaliber 20 Boy's - 2018,Children Bicycles,7,Moderate
Rowlett Bikes,Trek Precaliber 20 Girl's - 2018,Children Bicycles,23,Well Stocked
Rowlett Bikes,Trek Precaliber 24 (7-Speed) - Boys - 2018,Children Bicycles,14,Moderate
Rowlett Bikes,Trek Precaliber 24 21-speed Boy's - 2018,Children Bicycles,26,Well Stocked
Rowlett Bikes,Trek Precaliber 24 21-speed Girl's - 2018,Children Bicycles,15,Moderate
Rowlett Bikes,Trek Precaliber 24 7-speed Girl's - 2018,Children Bicycles,15,Moderate
Rowlett Bikes,Trek Superfly 24 - 2017/2018,Children Bicycles,1,Low Stock
Rowlett Bikes,Electra Cruiser 7D (24-Inch) Ladies' - 2016/2018,Children Bicycles,2,Low Stock
Rowlett Bikes,Electra Cyclosaurus 1 (16-inch) - Boy's - 2018,Children Bicycles,18,Moderate
Rowlett Bikes,Electra Heartchya 1 (20-inch) - Girl's - 2018,Children Bicycles,1,Low Stock
Rowlett Bikes,Electra Savannah 1 (20-inch) - Girl's - 2018,Children Bicycles,26,Well Stocked
Rowlett Bikes,Electra Soft Serve 1 (16-inch) - Girl's - 2018,Children Bicycles,2,Low Stock
Rowlett Bikes,"Electra Starship 1 16"" - 2018",Children Bicycles,7,Moderate
Rowlett Bikes,Electra Straight 8 1 (16-inch) - Boy's - 2018,Children Bicycles,26,Well Stocked
Rowlett Bikes,Electra Straight 8 1 (20-inch) - Boy's - 2018,Children Bicycles,2,Low Stock
Rowlett Bikes,"Electra Superbolt 1 20"" - 2018",Children Bicycles,2,Low Stock
Rowlett Bikes,"Electra Superbolt 3i 20"" - 2018",Children Bicycles,6,Moderate
Rowlett Bikes,Electra Sweet Ride 1 (20-inch) - Girl's - 2018,Children Bicycles,10,Moderate
Rowlett Bikes,Electra Sweet Ride 3i (20-inch) - Girls' - 2018,Children Bicycles,16,Moderate
Rowlett Bikes,Electra Tiger Shark 1 (20-inch) - Boys' - 2018,Children Bicycles,14,Moderate
Rowlett Bikes,Electra Tiger Shark 3i (20-inch) - Boys' - 2018,Children Bicycles,13,Moderate
Rowlett Bikes,"Electra Treasure 1 20"" - 2018",Children Bicycles,9,Moderate
Rowlett Bikes,"Electra Treasure 3i 20"" - 2018",Children Bicycles,12,Moderate
Rowlett Bikes,"Electra Under-The-Sea 1 16"" - 2018",Children Bicycles,22,Well Stocked
Rowlett Bikes,Electra Water Lily 1 (16-inch) - Girl's - 2018,Children Bicycles,14,Moderate
Rowlett Bikes,Electra Townie Original 21D - 2018,Comfort Bicycles,29,Well Stocked
Rowlett Bikes,Electra Townie Balloon 3i EQ Ladies' - 2018,Comfort Bicycles,3,Low Stock
Rowlett Bikes,Electra Townie Balloon 7i EQ - 2018,Comfort Bicycles,29,Well Stocked
Rowlett Bikes,Electra Townie Original 1 - 2018,Comfort Bicycles,6,Moderate
Rowlett Bikes,Electra Townie Go! 8i - 2017/2018,Comfort Bicycles,13,Moderate
Rowlett Bikes,Electra Townie Original 21D EQ - 2017/2018,Comfort Bicycles,23,Well Stocked
Rowlett Bikes,Electra Townie Balloon 3i EQ - 2017/2018,Comfort Bicycles,11,Moderate
Rowlett Bikes,Electra Townie Balloon 7i EQ Ladies' - 2017/2018,Comfort Bicycles,7,Moderate
Rowlett Bikes,Electra Townie Balloon 8D EQ - 2016/2017/2018,Comfort Bicycles,17,Moderate
Rowlett Bikes,Electra Townie Balloon 8D EQ Ladies' - 2016/2017/2018,Comfort Bicycles,9,Moderate
Rowlett Bikes,Electra Townie Commute 27D - 2018,Comfort Bicycles,30,Well Stocked
Rowlett Bikes,Electra Townie Commute 27D Ladies - 2018,Comfort Bicycles,8,Moderate
Rowlett Bikes,Electra Townie Commute 8D - 2018,Comfort Bicycles,23,Well Stocked
Rowlett Bikes,Electra Townie Commute 8D Ladies' - 2018,Comfort Bicycles,18,Moderate
Rowlett Bikes,Electra Townie Original 1 Ladies' - 2018,Comfort Bicycles,0,Out of Stock
